"id","codigo","marcacion","created_at","updated_at"
"1","326","7/1/2026 16:12:14","9/2/2026 19:56:29","9/2/2026 19:56:29"
"2","162","7/1/2026 16:26:12","9/2/2026 19:56:29","9/2/2026 19:56:29"
"3","90","7/1/2026 16:27:02","9/2/2026 19:56:29","9/2/2026 19:56:29"
"4","84","7/1/2026 16:28:14","9/2/2026 19:56:29","9/2/2026 19:56:29"
"5","147","7/1/2026 16:29:34","9/2/2026 19:56:29","9/2/2026 19:56:29"
"6","128","7/1/2026 16:41:25","9/2/2026 19:56:29","9/2/2026 19:56:29"
"7","159","7/1/2026 16:42:41","9/2/2026 19:56:29","9/2/2026 19:56:29"
"8","217","7/1/2026 17:01:28","9/2/2026 19:56:29","9/2/2026 19:56:29"
"9","154","7/1/2026 17:02:42","9/2/2026 19:56:30","9/2/2026 19:56:30"
"10","272","7/1/2026 17:11:21","9/2/2026 19:56:30","9/2/2026 19:56:30"
"11","94","7/1/2026 17:11:34","9/2/2026 19:56:30","9/2/2026 19:56:30"
"12","98","7/1/2026 17:12:44","9/2/2026 19:56:30","9/2/2026 19:56:30"
"13","101","7/1/2026 17:14:35","9/2/2026 19:56:30","9/2/2026 19:56:30"
"14","362","7/1/2026 17:30:31","9/2/2026 19:56:30","9/2/2026 19:56:30"
"15","171","7/1/2026 17:34:42","9/2/2026 19:56:30","9/2/2026 19:56:30"
"16","260","7/1/2026 17:42:39","9/2/2026 19:56:30","9/2/2026 19:56:30"
"17","361","7/1/2026 17:44:33","9/2/2026 19:56:30","9/2/2026 19:56:30"
"18","114","7/1/2026 18:06:58","9/2/2026 19:56:30","9/2/2026 19:56:30"
"19","112","7/1/2026 18:07:45","9/2/2026 19:56:30","9/2/2026 19:56:30"
"20","116","7/1/2026 18:07:48","9/2/2026 19:56:30","9/2/2026 19:56:30"
"21","100","7/1/2026 18:08:24","9/2/2026 19:56:30","9/2/2026 19:56:30"
"22","92","7/1/2026 18:08:31","9/2/2026 19:56:30","9/2/2026 19:56:30"
"23","115","7/1/2026 18:09:59","9/2/2026 19:56:30","9/2/2026 19:56:30"
"24","146","7/1/2026 18:10:29","9/2/2026 19:56:30","9/2/2026 19:56:30"
"25","121","7/1/2026 18:11:40","9/2/2026 19:56:30","9/2/2026 19:56:30"
"26","127","7/1/2026 18:17:02","9/2/2026 19:56:30","9/2/2026 19:56:30"
"27","95","7/1/2026 18:24:35","9/2/2026 19:56:30","9/2/2026 19:56:30"
"28","248","8/1/2026 05:01:34","9/2/2026 19:56:30","9/2/2026 19:56:30"
"29","268","8/1/2026 05:01:40","9/2/2026 19:56:30","9/2/2026 19:56:30"
"30","255","8/1/2026 05:08:27","9/2/2026 19:56:30","9/2/2026 19:56:30"
"31","343","8/1/2026 05:24:34","9/2/2026 19:56:30","9/2/2026 19:56:30"
"32","319","8/1/2026 05:24:51","9/2/2026 19:56:30","9/2/2026 19:56:30"
"33","175","8/1/2026 05:38:44","9/2/2026 19:56:30","9/2/2026 19:56:30"
"34","73","8/1/2026 05:44:58","9/2/2026 19:56:30","9/2/2026 19:56:30"
"35","163","8/1/2026 05:46:02","9/2/2026 19:56:30","9/2/2026 19:56:30"
"36","39","8/1/2026 05:54:46","9/2/2026 19:56:30","9/2/2026 19:56:30"
"37","178","8/1/2026 05:55:36","9/2/2026 19:56:30","9/2/2026 19:56:30"
"38","338","8/1/2026 06:12:54","9/2/2026 19:56:30","9/2/2026 19:56:30"
"39","375","8/1/2026 06:14:16","9/2/2026 19:56:30","9/2/2026 19:56:30"
"40","7","8/1/2026 06:17:06","9/2/2026 19:56:30","9/2/2026 19:56:30"
"41","130","8/1/2026 06:28:03","9/2/2026 19:56:30","9/2/2026 19:56:30"
"42","1","8/1/2026 06:29:15","9/2/2026 19:56:30","9/2/2026 19:56:30"
"43","326","8/1/2026 06:34:24","9/2/2026 19:56:30","9/2/2026 19:56:30"
"44","68","8/1/2026 06:36:22","9/2/2026 19:56:30","9/2/2026 19:56:30"
"45","389","8/1/2026 06:37:43","9/2/2026 19:56:30","9/2/2026 19:56:30"
"46","74","8/1/2026 06:39:50","9/2/2026 19:56:30","9/2/2026 19:56:30"
"47","24","8/1/2026 06:42:14","9/2/2026 19:56:30","9/2/2026 19:56:30"
"48","60","8/1/2026 06:42:43","9/2/2026 19:56:30","9/2/2026 19:56:30"
"49","329","8/1/2026 06:45:01","9/2/2026 19:56:30","9/2/2026 19:56:30"
"50","21","8/1/2026 06:45:09","9/2/2026 19:56:30","9/2/2026 19:56:30"
"51","10","8/1/2026 06:46:48","9/2/2026 19:56:30","9/2/2026 19:56:30"
"52","398","8/1/2026 06:48:56","9/2/2026 19:56:30","9/2/2026 19:56:30"
"53","183","8/1/2026 06:49:23","9/2/2026 19:56:30","9/2/2026 19:56:30"
"54","109","8/1/2026 06:49:39","9/2/2026 19:56:30","9/2/2026 19:56:30"
"55","141","8/1/2026 06:49:59","9/2/2026 19:56:30","9/2/2026 19:56:30"
"56","279","8/1/2026 06:50:30","9/2/2026 19:56:30","9/2/2026 19:56:30"
"57","17","8/1/2026 06:59:01","9/2/2026 19:56:30","9/2/2026 19:56:30"
"58","272","8/1/2026 06:59:26","9/2/2026 19:56:30","9/2/2026 19:56:30"
"59","105","8/1/2026 07:03:21","9/2/2026 19:56:30","9/2/2026 19:56:30"
"60","196","8/1/2026 07:03:37","9/2/2026 19:56:30","9/2/2026 19:56:30"
"61","313","8/1/2026 07:04:08","9/2/2026 19:56:30","9/2/2026 19:56:30"
"62","69","8/1/2026 07:11:09","9/2/2026 19:56:30","9/2/2026 19:56:30"
"63","403","8/1/2026 07:11:54","9/2/2026 19:56:30","9/2/2026 19:56:30"
"64","291","8/1/2026 07:14:10","9/2/2026 19:56:30","9/2/2026 19:56:30"
"65","292","8/1/2026 07:14:13","9/2/2026 19:56:30","9/2/2026 19:56:30"
"66","308","8/1/2026 07:14:25","9/2/2026 19:56:30","9/2/2026 19:56:30"
"67","276","8/1/2026 07:15:58","9/2/2026 19:56:30","9/2/2026 19:56:30"
"68","315","8/1/2026 07:16:05","9/2/2026 19:56:30","9/2/2026 19:56:30"
"69","401","8/1/2026 07:16:15","9/2/2026 19:56:30","9/2/2026 19:56:30"
"70","399","8/1/2026 07:16:29","9/2/2026 19:56:30","9/2/2026 19:56:30"
"71","314","8/1/2026 07:16:35","9/2/2026 19:56:30","9/2/2026 19:56:30"
"72","263","8/1/2026 07:16:50","9/2/2026 19:56:30","9/2/2026 19:56:30"
"73","351","8/1/2026 07:19:57","9/2/2026 19:56:30","9/2/2026 19:56:30"
"74","15","8/1/2026 07:23:00","9/2/2026 19:56:31","9/2/2026 19:56:31"
"75","131","8/1/2026 07:25:44","9/2/2026 19:56:31","9/2/2026 19:56:31"
"76","159","8/1/2026 07:26:01","9/2/2026 19:56:31","9/2/2026 19:56:31"
"77","147","8/1/2026 07:30:17","9/2/2026 19:56:31","9/2/2026 19:56:31"
"78","83","8/1/2026 07:30:23","9/2/2026 19:56:31","9/2/2026 19:56:31"
"79","101","8/1/2026 07:30:51","9/2/2026 19:56:31","9/2/2026 19:56:31"
"80","224","8/1/2026 07:31:09","9/2/2026 19:56:31","9/2/2026 19:56:31"
"81","260","8/1/2026 07:31:17","9/2/2026 19:56:31","9/2/2026 19:56:31"
"82","98","8/1/2026 07:32:05","9/2/2026 19:56:31","9/2/2026 19:56:31"
"83","169","8/1/2026 07:32:09","9/2/2026 19:56:31","9/2/2026 19:56:31"
"84","362","8/1/2026 07:32:35","9/2/2026 19:56:31","9/2/2026 19:56:31"
"85","90","8/1/2026 07:33:21","9/2/2026 19:56:31","9/2/2026 19:56:31"
"86","23","8/1/2026 07:35:35","9/2/2026 19:56:31","9/2/2026 19:56:31"
"87","95","8/1/2026 07:35:54","9/2/2026 19:56:31","9/2/2026 19:56:31"
"88","162","8/1/2026 07:36:05","9/2/2026 19:56:31","9/2/2026 19:56:31"
"89","179","8/1/2026 07:37:32","9/2/2026 19:56:31","9/2/2026 19:56:31"
"90","217","8/1/2026 07:39:22","9/2/2026 19:56:31","9/2/2026 19:56:31"
"91","128","8/1/2026 07:39:50","9/2/2026 19:56:31","9/2/2026 19:56:31"
"92","223","8/1/2026 07:40:45","9/2/2026 19:56:31","9/2/2026 19:56:31"
"93","316","8/1/2026 07:42:08","9/2/2026 19:56:31","9/2/2026 19:56:31"
"94","214","8/1/2026 07:42:28","9/2/2026 19:56:31","9/2/2026 19:56:31"
"95","238","8/1/2026 07:42:32","9/2/2026 19:56:31","9/2/2026 19:56:31"
"96","94","8/1/2026 07:42:38","9/2/2026 19:56:31","9/2/2026 19:56:31"
"97","84","8/1/2026 07:42:51","9/2/2026 19:56:31","9/2/2026 19:56:31"
"98","171","8/1/2026 07:44:35","9/2/2026 19:56:31","9/2/2026 19:56:31"
"99","221","8/1/2026 07:44:49","9/2/2026 19:56:31","9/2/2026 19:56:31"
"100","215","8/1/2026 07:44:59","9/2/2026 19:56:31","9/2/2026 19:56:31"
"101","242","8/1/2026 07:49:34","9/2/2026 19:56:31","9/2/2026 19:56:31"
"102","111","8/1/2026 07:50:21","9/2/2026 19:56:31","9/2/2026 19:56:31"
"103","233","8/1/2026 07:51:02","9/2/2026 19:56:31","9/2/2026 19:56:31"
"104","199","8/1/2026 07:51:07","9/2/2026 19:56:31","9/2/2026 19:56:31"
"105","311","8/1/2026 07:52:26","9/2/2026 19:56:31","9/2/2026 19:56:31"
"106","19","8/1/2026 07:52:38","9/2/2026 19:56:31","9/2/2026 19:56:31"
"107","332","8/1/2026 07:52:43","9/2/2026 19:56:31","9/2/2026 19:56:31"
"108","288","8/1/2026 07:52:47","9/2/2026 19:56:31","9/2/2026 19:56:31"
"109","293","8/1/2026 07:59:00","9/2/2026 19:56:31","9/2/2026 19:56:31"
"110","206","8/1/2026 08:29:45","9/2/2026 19:56:31","9/2/2026 19:56:31"
"111","351","8/1/2026 15:33:27","9/2/2026 19:56:31","9/2/2026 19:56:31"
"112","308","8/1/2026 15:33:32","9/2/2026 19:56:31","9/2/2026 19:56:31"
"113","178","8/1/2026 15:34:06","9/2/2026 19:56:31","9/2/2026 19:56:31"
"114","401","8/1/2026 15:38:03","9/2/2026 19:56:31","9/2/2026 19:56:31"
"115","314","8/1/2026 15:38:08","9/2/2026 19:56:31","9/2/2026 19:56:31"
"116","196","8/1/2026 15:42:11","9/2/2026 19:56:31","9/2/2026 19:56:31"
"117","399","8/1/2026 15:46:46","9/2/2026 19:56:31","9/2/2026 19:56:31"
"118","179","8/1/2026 15:59:27","9/2/2026 19:56:31","9/2/2026 19:56:31"
"119","279","8/1/2026 16:00:58","9/2/2026 19:56:31","9/2/2026 19:56:31"
"120","343","8/1/2026 16:03:43","9/2/2026 19:56:31","9/2/2026 19:56:31"
"121","111","8/1/2026 16:06:18","9/2/2026 19:56:31","9/2/2026 19:56:31"
"122","311","8/1/2026 16:11:08","9/2/2026 19:56:31","9/2/2026 19:56:31"
"123","403","8/1/2026 16:14:45","9/2/2026 19:56:31","9/2/2026 19:56:31"
"124","326","8/1/2026 16:19:57","9/2/2026 19:56:31","9/2/2026 19:56:31"
"125","122","8/1/2026 16:28:03","9/2/2026 19:56:31","9/2/2026 19:56:31"
"126","100","8/1/2026 16:33:48","9/2/2026 19:56:31","9/2/2026 19:56:31"
"127","92","8/1/2026 16:35:20","9/2/2026 19:56:31","9/2/2026 19:56:31"
"128","313","8/1/2026 16:36:56","9/2/2026 19:56:31","9/2/2026 19:56:31"
"129","121","8/1/2026 16:42:45","9/2/2026 19:56:32","9/2/2026 19:56:32"
"130","1","8/1/2026 16:48:28","9/2/2026 19:56:32","9/2/2026 19:56:32"
"131","332","8/1/2026 17:00:16","9/2/2026 19:56:32","9/2/2026 19:56:32"
"132","217","8/1/2026 17:00:26","9/2/2026 19:56:32","9/2/2026 19:56:32"
"133","272","8/1/2026 17:15:19","9/2/2026 19:56:32","9/2/2026 19:56:32"
"134","116","8/1/2026 17:23:15","9/2/2026 19:56:32","9/2/2026 19:56:32"
"135","115","8/1/2026 17:23:28","9/2/2026 19:56:32","9/2/2026 19:56:32"
"136","127","8/1/2026 17:50:57","9/2/2026 19:56:32","9/2/2026 19:56:32"
"137","141","8/1/2026 17:57:37","9/2/2026 19:56:32","9/2/2026 19:56:32"
"138","258","8/1/2026 17:57:43","9/2/2026 19:56:32","9/2/2026 19:56:32"
"139","146","8/1/2026 17:58:01","9/2/2026 19:56:32","9/2/2026 19:56:32"
"140","114","8/1/2026 17:58:11","9/2/2026 19:56:32","9/2/2026 19:56:32"
"141","168","8/1/2026 17:58:22","9/2/2026 19:56:32","9/2/2026 19:56:32"
"142","82","8/1/2026 17:58:25","9/2/2026 19:56:32","9/2/2026 19:56:32"
"143","112","8/1/2026 17:58:28","9/2/2026 19:56:32","9/2/2026 19:56:32"
"144","169","8/1/2026 17:58:31","9/2/2026 19:56:32","9/2/2026 19:56:32"
"145","15","8/1/2026 17:58:38","9/2/2026 19:56:32","9/2/2026 19:56:32"
"146","77","8/1/2026 17:59:01","9/2/2026 19:56:32","9/2/2026 19:56:32"
"147","151","8/1/2026 17:59:06","9/2/2026 19:56:32","9/2/2026 19:56:32"
"148","183","8/1/2026 17:59:45","9/2/2026 19:56:32","9/2/2026 19:56:32"
"149","109","8/1/2026 18:00:20","9/2/2026 19:56:32","9/2/2026 19:56:32"
"150","105","8/1/2026 18:01:00","9/2/2026 19:56:32","9/2/2026 19:56:32"
"151","68","8/1/2026 18:01:34","9/2/2026 19:56:32","9/2/2026 19:56:32"
"152","131","8/1/2026 18:01:39","9/2/2026 19:56:32","9/2/2026 19:56:32"
"153","69","8/1/2026 18:02:10","9/2/2026 19:56:32","9/2/2026 19:56:32"
"154","73","8/1/2026 18:02:36","9/2/2026 19:56:32","9/2/2026 19:56:32"
"155","74","8/1/2026 18:03:03","9/2/2026 19:56:32","9/2/2026 19:56:32"
"156","375","8/1/2026 18:03:32","9/2/2026 19:56:32","9/2/2026 19:56:32"
"157","60","8/1/2026 18:04:02","9/2/2026 19:56:32","9/2/2026 19:56:32"
"158","163","8/1/2026 18:07:13","9/2/2026 19:56:32","9/2/2026 19:56:32"
"159","113","8/1/2026 18:18:56","9/2/2026 19:56:32","9/2/2026 19:56:32"
"160","303","9/1/2026 04:52:18","9/2/2026 19:56:32","9/2/2026 19:56:32"
"161","338","9/1/2026 04:53:14","9/2/2026 19:56:32","9/2/2026 19:56:32"
"162","290","9/1/2026 05:09:01","9/2/2026 19:56:32","9/2/2026 19:56:32"
"163","157","9/1/2026 05:09:20","9/2/2026 19:56:32","9/2/2026 19:56:32"
"164","142","9/1/2026 05:12:28","9/2/2026 19:56:32","9/2/2026 19:56:32"
"165","249","9/1/2026 05:12:41","9/2/2026 19:56:32","9/2/2026 19:56:32"
"166","17","9/1/2026 05:16:18","9/2/2026 19:56:32","9/2/2026 19:56:32"
"167","343","9/1/2026 05:22:36","9/2/2026 19:56:32","9/2/2026 19:56:32"
"168","214","9/1/2026 05:34:25","9/2/2026 19:56:32","9/2/2026 19:56:32"
"169","316","9/1/2026 05:34:36","9/2/2026 19:56:32","9/2/2026 19:56:32"
"170","46","9/1/2026 05:36:07","9/2/2026 19:56:32","9/2/2026 19:56:32"
"171","224","9/1/2026 05:38:41","9/2/2026 19:56:32","9/2/2026 19:56:32"
"172","398","9/1/2026 05:40:55","9/2/2026 19:56:32","9/2/2026 19:56:32"
"173","263","9/1/2026 05:41:00","9/2/2026 19:56:32","9/2/2026 19:56:32"
"174","1","9/1/2026 05:42:19","9/2/2026 19:56:32","9/2/2026 19:56:32"
"175","89","9/1/2026 05:42:37","9/2/2026 19:56:32","9/2/2026 19:56:32"
"176","221","9/1/2026 05:42:42","9/2/2026 19:56:32","9/2/2026 19:56:32"
"177","139","9/1/2026 05:43:02","9/2/2026 19:56:32","9/2/2026 19:56:32"
"178","178","9/1/2026 05:46:50","9/2/2026 19:56:32","9/2/2026 19:56:32"
"179","23","9/1/2026 05:49:45","9/2/2026 19:56:32","9/2/2026 19:56:32"
"180","238","9/1/2026 05:57:49","9/2/2026 19:56:32","9/2/2026 19:56:32"
"181","199","9/1/2026 05:57:58","9/2/2026 19:56:32","9/2/2026 19:56:32"
"182","293","9/1/2026 05:58:01","9/2/2026 19:56:32","9/2/2026 19:56:32"
"183","26","9/1/2026 05:58:05","9/2/2026 19:56:32","9/2/2026 19:56:32"
"184","223","9/1/2026 06:11:35","9/2/2026 19:56:32","9/2/2026 19:56:32"
"185","222","9/1/2026 06:21:49","9/2/2026 19:56:32","9/2/2026 19:56:32"
"186","148","9/1/2026 06:24:13","9/2/2026 19:56:32","9/2/2026 19:56:32"
"187","140","9/1/2026 06:25:05","9/2/2026 19:56:32","9/2/2026 19:56:32"
"188","119","9/1/2026 06:26:19","9/2/2026 19:56:32","9/2/2026 19:56:32"
"189","206","9/1/2026 06:27:17","9/2/2026 19:56:32","9/2/2026 19:56:32"
"190","153","9/1/2026 06:32:31","9/2/2026 19:56:32","9/2/2026 19:56:32"
"191","71","9/1/2026 06:33:06","9/2/2026 19:56:32","9/2/2026 19:56:32"
"192","233","9/1/2026 06:33:12","9/2/2026 19:56:32","9/2/2026 19:56:32"
"193","242","9/1/2026 06:36:32","9/2/2026 19:56:32","9/2/2026 19:56:32"
"194","164","9/1/2026 06:41:35","9/2/2026 19:56:32","9/2/2026 19:56:32"
"195","281","9/1/2026 06:42:32","9/2/2026 19:56:32","9/2/2026 19:56:32"
"196","124","9/1/2026 06:43:59","9/2/2026 19:56:33","9/2/2026 19:56:33"
"197","327","9/1/2026 06:48:25","9/2/2026 19:56:33","9/2/2026 19:56:33"
"198","326","9/1/2026 06:53:58","9/2/2026 19:56:33","9/2/2026 19:56:33"
"199","272","9/1/2026 07:00:40","9/2/2026 19:56:33","9/2/2026 19:56:33"
"200","308","9/1/2026 07:00:51","9/2/2026 19:56:33","9/2/2026 19:56:33"
"201","403","9/1/2026 07:02:30","9/2/2026 19:56:33","9/2/2026 19:56:33"
"202","25","9/1/2026 07:09:06","9/2/2026 19:56:33","9/2/2026 19:56:33"
"203","70","9/1/2026 07:09:28","9/2/2026 19:56:33","9/2/2026 19:56:33"
"204","288","9/1/2026 07:10:32","9/2/2026 19:56:33","9/2/2026 19:56:33"
"205","313","9/1/2026 07:23:41","9/2/2026 19:56:33","9/2/2026 19:56:33"
"206","401","9/1/2026 07:26:52","9/2/2026 19:56:33","9/2/2026 19:56:33"
"207","314","9/1/2026 07:26:55","9/2/2026 19:56:33","9/2/2026 19:56:33"
"208","19","9/1/2026 07:27:09","9/2/2026 19:56:33","9/2/2026 19:56:33"
"209","351","9/1/2026 07:27:16","9/2/2026 19:56:33","9/2/2026 19:56:33"
"210","217","9/1/2026 07:28:52","9/2/2026 19:56:33","9/2/2026 19:56:33"
"211","310","9/1/2026 07:31:12","9/2/2026 19:56:33","9/2/2026 19:56:33"
"212","112","9/1/2026 07:31:23","9/2/2026 19:56:33","9/2/2026 19:56:33"
"213","116","9/1/2026 07:32:09","9/2/2026 19:56:33","9/2/2026 19:56:33"
"214","315","9/1/2026 07:32:29","9/2/2026 19:56:33","9/2/2026 19:56:33"
"215","114","9/1/2026 07:32:36","9/2/2026 19:56:33","9/2/2026 19:56:33"
"216","196","9/1/2026 07:32:39","9/2/2026 19:56:33","9/2/2026 19:56:33"
"217","10","9/1/2026 07:32:45","9/2/2026 19:56:33","9/2/2026 19:56:33"
"218","360","9/1/2026 07:33:05","9/2/2026 19:56:33","9/2/2026 19:56:33"
"219","146","9/1/2026 07:33:13","9/2/2026 19:56:33","9/2/2026 19:56:33"
"220","168","9/1/2026 07:33:17","9/2/2026 19:56:33","9/2/2026 19:56:33"
"221","82","9/1/2026 07:33:23","9/2/2026 19:56:33","9/2/2026 19:56:33"
"222","389","9/1/2026 07:33:39","9/2/2026 19:56:33","9/2/2026 19:56:33"
"223","39","9/1/2026 07:34:09","9/2/2026 19:56:33","9/2/2026 19:56:33"
"224","15","9/1/2026 07:34:17","9/2/2026 19:56:33","9/2/2026 19:56:33"
"225","399","9/1/2026 07:34:25","9/2/2026 19:56:33","9/2/2026 19:56:33"
"226","258","9/1/2026 07:34:29","9/2/2026 19:56:33","9/2/2026 19:56:33"
"227","7","9/1/2026 07:34:39","9/2/2026 19:56:33","9/2/2026 19:56:33"
"228","122","9/1/2026 07:35:39","9/2/2026 19:56:33","9/2/2026 19:56:33"
"229","151","9/1/2026 07:35:43","9/2/2026 19:56:33","9/2/2026 19:56:33"
"230","332","9/1/2026 07:36:00","9/2/2026 19:56:33","9/2/2026 19:56:33"
"231","92","9/1/2026 07:37:19","9/2/2026 19:56:33","9/2/2026 19:56:33"
"232","77","9/1/2026 07:37:24","9/2/2026 19:56:33","9/2/2026 19:56:33"
"233","115","9/1/2026 07:37:42","9/2/2026 19:56:33","9/2/2026 19:56:33"
"234","100","9/1/2026 07:38:12","9/2/2026 19:56:33","9/2/2026 19:56:33"
"235","276","9/1/2026 07:43:08","9/2/2026 19:56:33","9/2/2026 19:56:33"
"236","393","9/1/2026 07:43:19","9/2/2026 19:56:33","9/2/2026 19:56:33"
"237","121","9/1/2026 07:44:59","9/2/2026 19:56:33","9/2/2026 19:56:33"
"238","347","9/1/2026 07:47:09","9/2/2026 19:56:33","9/2/2026 19:56:33"
"239","127","9/1/2026 07:55:16","9/2/2026 19:56:33","9/2/2026 19:56:33"
"240","175","9/1/2026 07:55:47","9/2/2026 19:56:33","9/2/2026 19:56:33"
"241","111","9/1/2026 07:56:13","9/2/2026 19:56:33","9/2/2026 19:56:33"
"242","311","9/1/2026 07:57:04","9/2/2026 19:56:33","9/2/2026 19:56:33"
"243","50","9/1/2026 08:44:38","9/2/2026 19:56:33","9/2/2026 19:56:33"
"244","154","9/1/2026 11:26:32","9/2/2026 19:56:33","9/2/2026 19:56:33"
"245","157","9/1/2026 15:29:10","9/2/2026 19:56:33","9/2/2026 19:56:33"
"246","351","9/1/2026 15:29:14","9/2/2026 19:56:33","9/2/2026 19:56:33"
"247","398","9/1/2026 15:30:07","9/2/2026 19:56:33","9/2/2026 19:56:33"
"248","263","9/1/2026 15:30:13","9/2/2026 19:56:33","9/2/2026 19:56:33"
"249","319","9/1/2026 15:30:41","9/2/2026 19:56:33","9/2/2026 19:56:33"
"250","399","9/1/2026 15:30:48","9/2/2026 19:56:34","9/2/2026 19:56:34"
"251","308","9/1/2026 15:30:52","9/2/2026 19:56:34","9/2/2026 19:56:34"
"252","393","9/1/2026 15:30:58","9/2/2026 19:56:34","9/2/2026 19:56:34"
"253","178","9/1/2026 15:31:11","9/2/2026 19:56:34","9/2/2026 19:56:34"
"254","179","9/1/2026 15:41:44","9/2/2026 19:56:34","9/2/2026 19:56:34"
"255","403","9/1/2026 15:51:29","9/2/2026 19:56:34","9/2/2026 19:56:34"
"256","111","9/1/2026 16:05:30","9/2/2026 19:56:34","9/2/2026 19:56:34"
"257","343","9/1/2026 16:12:42","9/2/2026 19:56:34","9/2/2026 19:56:34"
"258","326","9/1/2026 16:16:47","9/2/2026 19:56:34","9/2/2026 19:56:34"
"259","163","9/1/2026 16:28:38","9/2/2026 19:56:34","9/2/2026 19:56:34"
"260","74","9/1/2026 16:57:09","9/2/2026 19:56:34","9/2/2026 19:56:34"
"261","73","9/1/2026 16:57:22","9/2/2026 19:56:34","9/2/2026 19:56:34"
"262","217","9/1/2026 17:01:07","9/2/2026 19:56:34","9/2/2026 19:56:34"
"263","332","9/1/2026 17:02:08","9/2/2026 19:56:34","9/2/2026 19:56:34"
"264","292","9/1/2026 17:05:46","9/2/2026 19:56:34","9/2/2026 19:56:34"
"265","291","9/1/2026 17:05:51","9/2/2026 19:56:34","9/2/2026 19:56:34"
"266","68","9/1/2026 17:06:08","9/2/2026 19:56:34","9/2/2026 19:56:34"
"267","272","9/1/2026 17:13:00","9/2/2026 19:56:34","9/2/2026 19:56:34"
"268","105","9/1/2026 17:19:16","9/2/2026 19:56:34","9/2/2026 19:56:34"
"269","60","9/1/2026 17:23:23","9/2/2026 19:56:34","9/2/2026 19:56:34"
"270","15","9/1/2026 17:27:09","9/2/2026 19:56:34","9/2/2026 19:56:34"
"271","169","9/1/2026 17:27:46","9/2/2026 19:56:34","9/2/2026 19:56:34"
"272","113","9/1/2026 17:33:59","9/2/2026 19:56:34","9/2/2026 19:56:34"
"273","109","9/1/2026 17:35:14","9/2/2026 19:56:34","9/2/2026 19:56:34"
"274","183","9/1/2026 17:38:23","9/2/2026 19:56:34","9/2/2026 19:56:34"
"275","141","9/1/2026 17:38:44","9/2/2026 19:56:34","9/2/2026 19:56:34"
"276","131","9/1/2026 17:42:40","9/2/2026 19:56:34","9/2/2026 19:56:34"
"277","69","9/1/2026 17:45:25","9/2/2026 19:56:34","9/2/2026 19:56:34"
"278","375","9/1/2026 18:05:06","9/2/2026 19:56:34","9/2/2026 19:56:34"
"279","148","9/1/2026 18:07:33","9/2/2026 19:56:34","9/2/2026 19:56:34"
"280","119","9/1/2026 18:07:38","9/2/2026 19:56:34","9/2/2026 19:56:34"
"281","290","9/1/2026 18:08:19","9/2/2026 19:56:34","9/2/2026 19:56:34"
"282","124","9/1/2026 18:08:30","9/2/2026 19:56:34","9/2/2026 19:56:34"
"283","25","9/1/2026 18:09:18","9/2/2026 19:56:34","9/2/2026 19:56:34"
"284","148","9/1/2026 18:09:31","9/2/2026 19:56:34","9/2/2026 19:56:34"
"285","153","9/1/2026 18:10:04","9/2/2026 19:56:34","9/2/2026 19:56:34"
"286","142","9/1/2026 18:10:52","9/2/2026 19:56:34","9/2/2026 19:56:34"
"287","164","9/1/2026 18:12:42","9/2/2026 19:56:34","9/2/2026 19:56:34"
"288","139","9/1/2026 18:13:50","9/2/2026 19:56:34","9/2/2026 19:56:34"
"289","140","9/1/2026 18:13:56","9/2/2026 19:56:34","9/2/2026 19:56:34"
"290","70","9/1/2026 18:14:12","9/2/2026 19:56:34","9/2/2026 19:56:34"
"291","89","9/1/2026 18:15:02","9/2/2026 19:56:34","9/2/2026 19:56:34"
"292","71","9/1/2026 18:16:34","9/2/2026 19:56:34","9/2/2026 19:56:34"
"293","39","10/1/2026 05:46:42","9/2/2026 19:56:34","9/2/2026 19:56:34"
"294","268","10/1/2026 05:51:29","9/2/2026 19:56:34","9/2/2026 19:56:34"
"295","248","10/1/2026 05:51:34","9/2/2026 19:56:35","9/2/2026 19:56:35"
"296","255","10/1/2026 05:55:46","9/2/2026 19:56:35","9/2/2026 19:56:35"
"297","204","10/1/2026 06:04:59","9/2/2026 19:56:35","9/2/2026 19:56:35"
"298","84","10/1/2026 06:13:55","9/2/2026 19:56:35","9/2/2026 19:56:35"
"299","347","10/1/2026 06:14:15","9/2/2026 19:56:35","9/2/2026 19:56:35"
"300","90","10/1/2026 06:16:43","9/2/2026 19:56:35","9/2/2026 19:56:35"
"301","21","10/1/2026 06:33:16","9/2/2026 19:56:35","9/2/2026 19:56:35"
"302","319","10/1/2026 06:34:04","9/2/2026 19:56:35","9/2/2026 19:56:35"
"303","162","10/1/2026 06:37:45","9/2/2026 19:56:35","9/2/2026 19:56:35"
"304","10","10/1/2026 06:45:21","9/2/2026 19:56:35","9/2/2026 19:56:35"
"305","24","10/1/2026 06:47:06","9/2/2026 19:56:35","9/2/2026 19:56:35"
"306","185","10/1/2026 06:47:13","9/2/2026 19:56:35","9/2/2026 19:56:35"
"307","278","10/1/2026 06:47:18","9/2/2026 19:56:35","9/2/2026 19:56:35"
"308","7","10/1/2026 06:47:55","9/2/2026 19:56:35","9/2/2026 19:56:35"
"309","175","10/1/2026 06:48:56","9/2/2026 19:56:35","9/2/2026 19:56:35"
"310","101","10/1/2026 06:50:13","9/2/2026 19:56:35","9/2/2026 19:56:35"
"311","94","10/1/2026 06:51:02","9/2/2026 19:56:35","9/2/2026 19:56:35"
"312","95","10/1/2026 06:53:30","9/2/2026 19:56:35","9/2/2026 19:56:35"
"313","329","10/1/2026 06:54:30","9/2/2026 19:56:35","9/2/2026 19:56:35"
"314","147","10/1/2026 06:55:23","9/2/2026 19:56:35","9/2/2026 19:56:35"
"315","310","10/1/2026 06:59:33","9/2/2026 19:56:35","9/2/2026 19:56:35"
"316","260","10/1/2026 07:00:32","9/2/2026 19:56:35","9/2/2026 19:56:35"
"317","17","10/1/2026 07:01:37","9/2/2026 19:56:35","9/2/2026 19:56:35"
"318","362","10/1/2026 07:08:12","9/2/2026 19:56:35","9/2/2026 19:56:35"
"319","128","10/1/2026 07:09:33","9/2/2026 19:56:35","9/2/2026 19:56:35"
"320","98","10/1/2026 07:10:32","9/2/2026 19:56:35","9/2/2026 19:56:35"
"321","159","10/1/2026 07:11:54","9/2/2026 19:56:35","9/2/2026 19:56:35"
"322","171","10/1/2026 07:15:43","9/2/2026 19:56:35","9/2/2026 19:56:35"
"323","215","10/1/2026 07:25:03","9/2/2026 19:56:35","9/2/2026 19:56:35"
"324","224","10/1/2026 07:28:49","9/2/2026 19:56:35","9/2/2026 19:56:35"
"325","222","10/1/2026 07:29:59","9/2/2026 19:56:35","9/2/2026 19:56:35"
"326","105","10/1/2026 07:30:47","9/2/2026 19:56:35","9/2/2026 19:56:35"
"327","375","10/1/2026 07:31:01","9/2/2026 19:56:35","9/2/2026 19:56:35"
"328","60","10/1/2026 07:31:07","9/2/2026 19:56:35","9/2/2026 19:56:35"
"329","69","10/1/2026 07:31:30","9/2/2026 19:56:35","9/2/2026 19:56:35"
"330","131","10/1/2026 07:31:56","9/2/2026 19:56:35","9/2/2026 19:56:35"
"331","141","10/1/2026 07:32:46","9/2/2026 19:56:35","9/2/2026 19:56:35"
"332","169","10/1/2026 07:32:49","9/2/2026 19:56:35","9/2/2026 19:56:35"
"333","291","10/1/2026 07:32:54","9/2/2026 19:56:35","9/2/2026 19:56:35"
"334","292","10/1/2026 07:32:57","9/2/2026 19:56:35","9/2/2026 19:56:35"
"335","23","10/1/2026 07:33:00","9/2/2026 19:56:35","9/2/2026 19:56:35"
"336","73","10/1/2026 07:33:05","9/2/2026 19:56:35","9/2/2026 19:56:35"
"337","109","10/1/2026 07:33:12","9/2/2026 19:56:35","9/2/2026 19:56:35"
"338","74","10/1/2026 07:33:25","9/2/2026 19:56:35","9/2/2026 19:56:35"
"339","183","10/1/2026 07:33:36","9/2/2026 19:56:35","9/2/2026 19:56:35"
"340","68","10/1/2026 07:34:44","9/2/2026 19:56:35","9/2/2026 19:56:35"
"341","249","10/1/2026 07:35:01","9/2/2026 19:56:35","9/2/2026 19:56:35"
"342","316","10/1/2026 07:38:37","9/2/2026 19:56:35","9/2/2026 19:56:35"
"343","214","10/1/2026 07:40:13","9/2/2026 19:56:35","9/2/2026 19:56:35"
"344","163","10/1/2026 07:40:18","9/2/2026 19:56:35","9/2/2026 19:56:35"
"345","327","10/1/2026 07:44:35","9/2/2026 19:56:35","9/2/2026 19:56:35"
"346","26","10/1/2026 07:46:22","9/2/2026 19:56:35","9/2/2026 19:56:35"
"347","46","10/1/2026 07:47:06","9/2/2026 19:56:35","9/2/2026 19:56:35"
"348","221","10/1/2026 07:50:24","9/2/2026 19:56:35","9/2/2026 19:56:35"
"349","293","10/1/2026 07:52:11","9/2/2026 19:56:35","9/2/2026 19:56:35"
"350","288","10/1/2026 07:52:19","9/2/2026 19:56:35","9/2/2026 19:56:35"
"351","238","10/1/2026 07:52:28","9/2/2026 19:56:35","9/2/2026 19:56:35"
"352","199","10/1/2026 07:53:37","9/2/2026 19:56:35","9/2/2026 19:56:35"
"353","303","10/1/2026 07:54:52","9/2/2026 19:56:35","9/2/2026 19:56:35"
"354","242","10/1/2026 07:55:24","9/2/2026 19:56:35","9/2/2026 19:56:35"
"355","113","10/1/2026 07:57:04","9/2/2026 19:56:35","9/2/2026 19:56:35"
"356","233","10/1/2026 08:09:04","9/2/2026 19:56:35","9/2/2026 19:56:35"
"357","206","10/1/2026 08:36:04","9/2/2026 19:56:35","9/2/2026 19:56:35"
"358","142","10/1/2026 15:43:55","9/2/2026 19:56:35","9/2/2026 19:56:35"
"359","148","10/1/2026 15:45:42","9/2/2026 19:56:35","9/2/2026 19:56:35"
"360","290","10/1/2026 15:45:53","9/2/2026 19:56:36","9/2/2026 19:56:36"
"361","119","10/1/2026 15:48:51","9/2/2026 19:56:36","9/2/2026 19:56:36"
"362","124","10/1/2026 16:10:11","9/2/2026 19:56:36","9/2/2026 19:56:36"
"363","25","10/1/2026 16:23:02","9/2/2026 19:56:36","9/2/2026 19:56:36"
"364","89","10/1/2026 16:26:40","9/2/2026 19:56:36","9/2/2026 19:56:36"
"365","164","10/1/2026 16:28:12","9/2/2026 19:56:36","9/2/2026 19:56:36"
"366","140","10/1/2026 16:31:00","9/2/2026 19:56:36","9/2/2026 19:56:36"
"367","139","10/1/2026 16:49:58","9/2/2026 19:56:36","9/2/2026 19:56:36"
"368","1","10/1/2026 17:01:23","9/2/2026 19:56:36","9/2/2026 19:56:36"
"369","389","10/1/2026 17:01:58","9/2/2026 19:56:36","9/2/2026 19:56:36"
"370","70","10/1/2026 17:11:32","9/2/2026 19:56:36","9/2/2026 19:56:36"
"371","71","10/1/2026 17:30:53","9/2/2026 19:56:36","9/2/2026 19:56:36"
"372","136","10/1/2026 17:36:17","9/2/2026 19:56:36","9/2/2026 19:56:36"
"373","153","10/1/2026 17:49:58","9/2/2026 19:56:36","9/2/2026 19:56:36"
"374","260","10/1/2026 18:00:12","9/2/2026 19:56:36","9/2/2026 19:56:36"
"375","159","10/1/2026 18:00:21","9/2/2026 19:56:36","9/2/2026 19:56:36"
"376","171","10/1/2026 18:00:24","9/2/2026 19:56:36","9/2/2026 19:56:36"
"377","98","10/1/2026 18:00:29","9/2/2026 19:56:36","9/2/2026 19:56:36"
"378","90","10/1/2026 18:00:34","9/2/2026 19:56:36","9/2/2026 19:56:36"
"379","147","10/1/2026 18:00:42","9/2/2026 19:56:36","9/2/2026 19:56:36"
"380","101","10/1/2026 18:01:06","9/2/2026 19:56:36","9/2/2026 19:56:36"
"381","162","10/1/2026 18:01:18","9/2/2026 19:56:36","9/2/2026 19:56:36"
"382","362","10/1/2026 18:01:50","9/2/2026 19:56:36","9/2/2026 19:56:36"
"383","361","10/1/2026 18:02:28","9/2/2026 19:56:36","9/2/2026 19:56:36"
"384","95","10/1/2026 18:04:29","9/2/2026 19:56:36","9/2/2026 19:56:36"
"385","128","10/1/2026 18:10:14","9/2/2026 19:56:36","9/2/2026 19:56:36"
"386","84","10/1/2026 18:10:53","9/2/2026 19:56:36","9/2/2026 19:56:36"
"387","58","11/1/2026 05:54:45","9/2/2026 19:56:36","9/2/2026 19:56:36"
"388","92","11/1/2026 06:06:30","9/2/2026 19:56:36","9/2/2026 19:56:36"
"389","42","11/1/2026 06:28:31","9/2/2026 19:56:36","9/2/2026 19:56:36"
"390","44","11/1/2026 06:28:58","9/2/2026 19:56:36","9/2/2026 19:56:36"
"391","146","11/1/2026 06:31:07","9/2/2026 19:56:36","9/2/2026 19:56:36"
"392","122","11/1/2026 06:31:42","9/2/2026 19:56:36","9/2/2026 19:56:36"
"393","127","11/1/2026 06:31:47","9/2/2026 19:56:36","9/2/2026 19:56:36"
"394","100","11/1/2026 06:40:11","9/2/2026 19:56:36","9/2/2026 19:56:36"
"395","115","11/1/2026 06:42:39","9/2/2026 19:56:36","9/2/2026 19:56:36"
"396","56","11/1/2026 06:48:48","9/2/2026 19:56:36","9/2/2026 19:56:36"
"397","112","11/1/2026 06:54:53","9/2/2026 19:56:36","9/2/2026 19:56:36"
"398","151","11/1/2026 06:55:11","9/2/2026 19:56:36","9/2/2026 19:56:36"
"399","77","11/1/2026 06:55:14","9/2/2026 19:56:36","9/2/2026 19:56:36"
"400","32","11/1/2026 07:00:48","9/2/2026 19:56:36","9/2/2026 19:56:36"
"401","121","11/1/2026 07:03:25","9/2/2026 19:56:36","9/2/2026 19:56:36"
"402","116","11/1/2026 07:04:24","9/2/2026 19:56:36","9/2/2026 19:56:36"
"403","241","11/1/2026 07:06:14","9/2/2026 19:56:36","9/2/2026 19:56:36"
"404","245","11/1/2026 07:06:20","9/2/2026 19:56:36","9/2/2026 19:56:36"
"405","350","11/1/2026 07:06:25","9/2/2026 19:56:36","9/2/2026 19:56:36"
"406","43","11/1/2026 07:24:04","9/2/2026 19:56:36","9/2/2026 19:56:36"
"407","258","11/1/2026 07:27:39","9/2/2026 19:56:36","9/2/2026 19:56:36"
"408","119","11/1/2026 07:29:28","9/2/2026 19:56:36","9/2/2026 19:56:36"
"409","7","11/1/2026 07:29:54","9/2/2026 19:56:36","9/2/2026 19:56:36"
"410","148","11/1/2026 07:30:05","9/2/2026 19:56:36","9/2/2026 19:56:36"
"411","290","11/1/2026 07:31:27","9/2/2026 19:56:37","9/2/2026 19:56:37"
"412","39","11/1/2026 07:32:04","9/2/2026 19:56:37","9/2/2026 19:56:37"
"413","248","11/1/2026 07:32:47","9/2/2026 19:56:37","9/2/2026 19:56:37"
"414","10","11/1/2026 07:34:59","9/2/2026 19:56:37","9/2/2026 19:56:37"
"415","139","11/1/2026 07:35:15","9/2/2026 19:56:37","9/2/2026 19:56:37"
"416","142","11/1/2026 07:35:45","9/2/2026 19:56:37","9/2/2026 19:56:37"
"417","164","11/1/2026 07:35:51","9/2/2026 19:56:37","9/2/2026 19:56:37"
"418","17","11/1/2026 07:36:09","9/2/2026 19:56:37","9/2/2026 19:56:37"
"419","329","11/1/2026 07:36:16","9/2/2026 19:56:37","9/2/2026 19:56:37"
"420","389","11/1/2026 07:36:54","9/2/2026 19:56:37","9/2/2026 19:56:37"
"421","89","11/1/2026 07:37:10","9/2/2026 19:56:37","9/2/2026 19:56:37"
"422","70","11/1/2026 07:37:49","9/2/2026 19:56:37","9/2/2026 19:56:37"
"423","124","11/1/2026 07:37:53","9/2/2026 19:56:37","9/2/2026 19:56:37"
"424","175","11/1/2026 07:38:00","9/2/2026 19:56:37","9/2/2026 19:56:37"
"425","140","11/1/2026 07:38:18","9/2/2026 19:56:37","9/2/2026 19:56:37"
"426","347","11/1/2026 07:39:17","9/2/2026 19:56:37","9/2/2026 19:56:37"
"427","255","11/1/2026 07:43:16","9/2/2026 19:56:37","9/2/2026 19:56:37"
"428","24","11/1/2026 07:47:03","9/2/2026 19:56:37","9/2/2026 19:56:37"
"429","204","11/1/2026 07:47:19","9/2/2026 19:56:37","9/2/2026 19:56:37"
"430","205","11/1/2026 08:02:11","9/2/2026 19:56:37","9/2/2026 19:56:37"
"431","319","11/1/2026 08:02:22","9/2/2026 19:56:37","9/2/2026 19:56:37"
"432","215","11/1/2026 08:06:04","9/2/2026 19:56:37","9/2/2026 19:56:37"
"433","310","11/1/2026 08:30:47","9/2/2026 19:56:37","9/2/2026 19:56:37"
"434","254","11/1/2026 09:57:28","9/2/2026 19:56:37","9/2/2026 19:56:37"
"435","1","11/1/2026 13:02:37","9/2/2026 19:56:37","9/2/2026 19:56:37"
"436","84","11/1/2026 16:27:33","9/2/2026 19:56:37","9/2/2026 19:56:37"
"437","95","11/1/2026 16:59:52","9/2/2026 19:56:37","9/2/2026 19:56:37"
"438","98","11/1/2026 17:01:27","9/2/2026 19:56:37","9/2/2026 19:56:37"
"439","101","11/1/2026 17:03:44","9/2/2026 19:56:37","9/2/2026 19:56:37"
"440","94","11/1/2026 17:04:06","9/2/2026 19:56:37","9/2/2026 19:56:37"
"441","162","11/1/2026 17:08:32","9/2/2026 19:56:37","9/2/2026 19:56:37"
"442","90","11/1/2026 17:12:52","9/2/2026 19:56:37","9/2/2026 19:56:37"
"443","147","11/1/2026 17:16:07","9/2/2026 19:56:37","9/2/2026 19:56:37"
"444","361","11/1/2026 17:44:33","9/2/2026 19:56:37","9/2/2026 19:56:37"
"445","171","11/1/2026 17:48:27","9/2/2026 19:56:37","9/2/2026 19:56:37"
"446","260","11/1/2026 17:54:28","9/2/2026 19:56:37","9/2/2026 19:56:37"
"447","128","11/1/2026 17:54:51","9/2/2026 19:56:37","9/2/2026 19:56:37"
"448","114","11/1/2026 18:00:23","9/2/2026 19:56:37","9/2/2026 19:56:37"
"449","122","11/1/2026 18:00:35","9/2/2026 19:56:37","9/2/2026 19:56:37"
"450","116","11/1/2026 18:01:04","9/2/2026 19:56:37","9/2/2026 19:56:37"
"451","360","11/1/2026 18:01:08","9/2/2026 19:56:37","9/2/2026 19:56:37"
"452","258","11/1/2026 18:03:51","9/2/2026 19:56:37","9/2/2026 19:56:37"
"453","146","11/1/2026 18:04:29","9/2/2026 19:56:37","9/2/2026 19:56:37"
"454","100","11/1/2026 18:05:47","9/2/2026 19:56:37","9/2/2026 19:56:37"
"455","92","11/1/2026 18:05:52","9/2/2026 19:56:37","9/2/2026 19:56:37"
"456","115","11/1/2026 18:06:11","9/2/2026 19:56:38","9/2/2026 19:56:38"
"457","77","11/1/2026 18:07:04","9/2/2026 19:56:38","9/2/2026 19:56:38"
"458","112","11/1/2026 18:07:37","9/2/2026 19:56:38","9/2/2026 19:56:38"
"459","151","11/1/2026 18:07:57","9/2/2026 19:56:38","9/2/2026 19:56:38"
"460","151","11/1/2026 18:09:14","9/2/2026 19:56:38","9/2/2026 19:56:38"
"461","121","11/1/2026 18:10:09","9/2/2026 19:56:38","9/2/2026 19:56:38"
"462","127","11/1/2026 18:13:50","9/2/2026 19:56:38","9/2/2026 19:56:38"
"463","319","12/1/2026 01:54:20","9/2/2026 19:56:38","9/2/2026 19:56:38"
"464","338","12/1/2026 04:03:59","9/2/2026 19:56:38","9/2/2026 19:56:38"
"465","248","12/1/2026 05:13:40","9/2/2026 19:56:38","9/2/2026 19:56:38"
"466","268","12/1/2026 05:13:48","9/2/2026 19:56:38","9/2/2026 19:56:38"
"467","255","12/1/2026 05:16:01","9/2/2026 19:56:38","9/2/2026 19:56:38"
"468","204","12/1/2026 05:16:07","9/2/2026 19:56:38","9/2/2026 19:56:38"
"469","343","12/1/2026 05:17:13","9/2/2026 19:56:38","9/2/2026 19:56:38"
"470","398","12/1/2026 05:20:06","9/2/2026 19:56:38","9/2/2026 19:56:38"
"471","175","12/1/2026 05:29:20","9/2/2026 19:56:38","9/2/2026 19:56:38"
"472","263","12/1/2026 05:31:51","9/2/2026 19:56:38","9/2/2026 19:56:38"
"473","39","12/1/2026 05:40:12","9/2/2026 19:56:38","9/2/2026 19:56:38"
"474","1","12/1/2026 05:46:20","9/2/2026 19:56:38","9/2/2026 19:56:38"
"475","178","12/1/2026 05:48:42","9/2/2026 19:56:38","9/2/2026 19:56:38"
"476","111","12/1/2026 05:53:22","9/2/2026 19:56:38","9/2/2026 19:56:38"
"477","73","12/1/2026 06:02:24","9/2/2026 19:56:38","9/2/2026 19:56:38"
"478","163","12/1/2026 06:17:10","9/2/2026 19:56:38","9/2/2026 19:56:38"
"479","375","12/1/2026 06:19:44","9/2/2026 19:56:38","9/2/2026 19:56:38"
"480","130","12/1/2026 06:33:51","9/2/2026 19:56:38","9/2/2026 19:56:38"
"481","292","12/1/2026 06:33:57","9/2/2026 19:56:38","9/2/2026 19:56:38"
"482","183","12/1/2026 06:42:27","9/2/2026 19:56:38","9/2/2026 19:56:38"
"483","141","12/1/2026 06:42:31","9/2/2026 19:56:38","9/2/2026 19:56:38"
"484","68","12/1/2026 06:43:04","9/2/2026 19:56:38","9/2/2026 19:56:38"
"485","21","12/1/2026 06:44:00","9/2/2026 19:56:38","9/2/2026 19:56:38"
"486","109","12/1/2026 06:44:09","9/2/2026 19:56:38","9/2/2026 19:56:38"
"487","24","12/1/2026 06:46:40","9/2/2026 19:56:38","9/2/2026 19:56:38"
"488","347","12/1/2026 06:48:53","9/2/2026 19:56:38","9/2/2026 19:56:38"
"489","17","12/1/2026 06:50:56","9/2/2026 19:56:38","9/2/2026 19:56:38"
"490","326","12/1/2026 06:51:00","9/2/2026 19:56:38","9/2/2026 19:56:38"
"491","105","12/1/2026 06:53:19","9/2/2026 19:56:38","9/2/2026 19:56:38"
"492","329","12/1/2026 06:53:25","9/2/2026 19:56:38","9/2/2026 19:56:38"
"493","310","12/1/2026 06:54:06","9/2/2026 19:56:38","9/2/2026 19:56:38"
"494","279","12/1/2026 06:55:09","9/2/2026 19:56:38","9/2/2026 19:56:38"
"495","403","12/1/2026 06:55:43","9/2/2026 19:56:38","9/2/2026 19:56:38"
"496","10","12/1/2026 06:55:49","9/2/2026 19:56:38","9/2/2026 19:56:38"
"497","196","12/1/2026 07:01:03","9/2/2026 19:56:38","9/2/2026 19:56:38"
"498","69","12/1/2026 07:01:10","9/2/2026 19:56:38","9/2/2026 19:56:38"
"499","351","12/1/2026 07:05:42","9/2/2026 19:56:38","9/2/2026 19:56:38"
"500","60","12/1/2026 07:06:11","9/2/2026 19:56:38","9/2/2026 19:56:38"
"501","272","12/1/2026 07:10:23","9/2/2026 19:56:38","9/2/2026 19:56:38"
"502","131","12/1/2026 07:12:04","9/2/2026 19:56:38","9/2/2026 19:56:38"
"503","389","12/1/2026 07:12:21","9/2/2026 19:56:38","9/2/2026 19:56:38"
"504","313","12/1/2026 07:13:24","9/2/2026 19:56:38","9/2/2026 19:56:38"
"505","50","12/1/2026 07:13:40","9/2/2026 19:56:38","9/2/2026 19:56:38"
"506","74","12/1/2026 07:13:44","9/2/2026 19:56:38","9/2/2026 19:56:38"
"507","169","12/1/2026 07:14:50","9/2/2026 19:56:38","9/2/2026 19:56:38"
"508","113","12/1/2026 07:15:55","9/2/2026 19:56:38","9/2/2026 19:56:38"
"509","278","12/1/2026 07:17:03","9/2/2026 19:56:38","9/2/2026 19:56:38"
"510","215","12/1/2026 07:17:10","9/2/2026 19:56:38","9/2/2026 19:56:38"
"511","399","12/1/2026 07:17:42","9/2/2026 19:56:38","9/2/2026 19:56:38"
"512","15","12/1/2026 07:20:36","9/2/2026 19:56:38","9/2/2026 19:56:38"
"513","179","12/1/2026 07:23:50","9/2/2026 19:56:38","9/2/2026 19:56:38"
"514","341","12/1/2026 07:26:04","9/2/2026 19:56:38","9/2/2026 19:56:38"
"515","401","12/1/2026 07:29:31","9/2/2026 19:56:38","9/2/2026 19:56:38"
"516","314","12/1/2026 07:29:37","9/2/2026 19:56:38","9/2/2026 19:56:38"
"517","260","12/1/2026 07:30:26","9/2/2026 19:56:39","9/2/2026 19:56:39"
"518","162","12/1/2026 07:31:12","9/2/2026 19:56:39","9/2/2026 19:56:39"
"519","332","12/1/2026 07:36:16","9/2/2026 19:56:39","9/2/2026 19:56:39"
"520","147","12/1/2026 07:38:07","9/2/2026 19:56:39","9/2/2026 19:56:39"
"521","171","12/1/2026 07:38:15","9/2/2026 19:56:39","9/2/2026 19:56:39"
"522","90","12/1/2026 07:39:44","9/2/2026 19:56:39","9/2/2026 19:56:39"
"523","128","12/1/2026 07:40:35","9/2/2026 19:56:39","9/2/2026 19:56:39"
"524","94","12/1/2026 07:41:35","9/2/2026 19:56:39","9/2/2026 19:56:39"
"525","42","12/1/2026 07:42:55","9/2/2026 19:56:39","9/2/2026 19:56:39"
"526","98","12/1/2026 07:43:05","9/2/2026 19:56:39","9/2/2026 19:56:39"
"527","95","12/1/2026 07:43:30","9/2/2026 19:56:39","9/2/2026 19:56:39"
"528","101","12/1/2026 07:44:08","9/2/2026 19:56:39","9/2/2026 19:56:39"
"529","217","12/1/2026 07:45:45","9/2/2026 19:56:39","9/2/2026 19:56:39"
"530","43","12/1/2026 07:45:58","9/2/2026 19:56:39","9/2/2026 19:56:39"
"531","32","12/1/2026 07:48:08","9/2/2026 19:56:39","9/2/2026 19:56:39"
"532","84","12/1/2026 07:50:15","9/2/2026 19:56:39","9/2/2026 19:56:39"
"533","37","12/1/2026 07:53:41","9/2/2026 19:56:39","9/2/2026 19:56:39"
"534","311","12/1/2026 07:56:54","9/2/2026 19:56:39","9/2/2026 19:56:39"
"535","44","12/1/2026 07:58:24","9/2/2026 19:56:39","9/2/2026 19:56:39"
"536","154","12/1/2026 07:59:28","9/2/2026 19:56:39","9/2/2026 19:56:39"
"537","58","12/1/2026 08:11:22","9/2/2026 19:56:39","9/2/2026 19:56:39"
"538","243","12/1/2026 09:16:55","9/2/2026 19:56:39","9/2/2026 19:56:39"
"539","389","12/1/2026 09:17:22","9/2/2026 19:56:39","9/2/2026 19:56:39"
"540","254","12/1/2026 10:00:48","9/2/2026 19:56:39","9/2/2026 19:56:39"
"541","338","12/1/2026 15:00:09","9/2/2026 19:56:39","9/2/2026 19:56:39"
"542","122","12/1/2026 15:14:48","9/2/2026 19:56:39","9/2/2026 19:56:39"
"543","263","12/1/2026 15:29:27","9/2/2026 19:56:39","9/2/2026 19:56:39"
"544","398","12/1/2026 15:30:10","9/2/2026 19:56:39","9/2/2026 19:56:39"
"545","178","12/1/2026 15:30:52","9/2/2026 19:56:39","9/2/2026 19:56:39"
"546","401","12/1/2026 15:34:56","9/2/2026 19:56:39","9/2/2026 19:56:39"
"547","314","12/1/2026 15:35:14","9/2/2026 19:56:39","9/2/2026 19:56:39"
"548","351","12/1/2026 15:37:07","9/2/2026 19:56:39","9/2/2026 19:56:39"
"549","403","12/1/2026 15:37:32","9/2/2026 19:56:39","9/2/2026 19:56:39"
"550","179","12/1/2026 15:40:56","9/2/2026 19:56:39","9/2/2026 19:56:39"
"551","399","12/1/2026 15:41:27","9/2/2026 19:56:39","9/2/2026 19:56:39"
"552","196","12/1/2026 15:43:21","9/2/2026 19:56:39","9/2/2026 19:56:39"
"553","111","12/1/2026 16:02:39","9/2/2026 19:56:39","9/2/2026 19:56:39"
"554","279","12/1/2026 16:02:44","9/2/2026 19:56:39","9/2/2026 19:56:39"
"555","343","12/1/2026 16:09:21","9/2/2026 19:56:39","9/2/2026 19:56:39"
"556","154","12/1/2026 16:10:40","9/2/2026 19:56:39","9/2/2026 19:56:39"
"557","341","12/1/2026 16:12:04","9/2/2026 19:56:39","9/2/2026 19:56:39"
"558","360","12/1/2026 16:15:33","9/2/2026 19:56:39","9/2/2026 19:56:39"
"559","116","12/1/2026 16:15:41","9/2/2026 19:56:39","9/2/2026 19:56:39"
"560","100","12/1/2026 16:33:08","9/2/2026 19:56:39","9/2/2026 19:56:39"
"561","313","12/1/2026 16:34:02","9/2/2026 19:56:39","9/2/2026 19:56:39"
"562","313","12/1/2026 16:36:14","9/2/2026 19:56:39","9/2/2026 19:56:39"
"563","121","12/1/2026 16:37:24","9/2/2026 19:56:39","9/2/2026 19:56:39"
"564","114","12/1/2026 16:53:28","9/2/2026 19:56:39","9/2/2026 19:56:39"
"565","146","12/1/2026 17:02:02","9/2/2026 19:56:39","9/2/2026 19:56:39"
"566","217","12/1/2026 17:04:06","9/2/2026 19:56:39","9/2/2026 19:56:39"
"567","332","12/1/2026 17:04:53","9/2/2026 19:56:39","9/2/2026 19:56:39"
"568","77","12/1/2026 17:10:03","9/2/2026 19:56:39","9/2/2026 19:56:39"
"569","112","12/1/2026 17:26:13","9/2/2026 19:56:40","9/2/2026 19:56:40"
"570","15","12/1/2026 17:40:00","9/2/2026 19:56:40","9/2/2026 19:56:40"
"571","115","12/1/2026 17:41:33","9/2/2026 19:56:40","9/2/2026 19:56:40"
"572","258","12/1/2026 17:45:41","9/2/2026 19:56:40","9/2/2026 19:56:40"
"573","131","12/1/2026 18:00:07","9/2/2026 19:56:40","9/2/2026 19:56:40"
"574","375","12/1/2026 18:00:48","9/2/2026 19:56:40","9/2/2026 19:56:40"
"575","183","12/1/2026 18:00:52","9/2/2026 19:56:40","9/2/2026 19:56:40"
"576","326","12/1/2026 18:01:03","9/2/2026 19:56:40","9/2/2026 19:56:40"
"577","105","12/1/2026 18:01:24","9/2/2026 19:56:40","9/2/2026 19:56:40"
"578","73","12/1/2026 18:01:30","9/2/2026 19:56:40","9/2/2026 19:56:40"
"579","141","12/1/2026 18:01:59","9/2/2026 19:56:40","9/2/2026 19:56:40"
"580","169","12/1/2026 18:02:47","9/2/2026 19:56:40","9/2/2026 19:56:40"
"581","69","12/1/2026 18:02:59","9/2/2026 19:56:40","9/2/2026 19:56:40"
"582","109","12/1/2026 18:03:25","9/2/2026 19:56:40","9/2/2026 19:56:40"
"583","74","12/1/2026 18:03:41","9/2/2026 19:56:40","9/2/2026 19:56:40"
"584","60","12/1/2026 18:06:16","9/2/2026 19:56:40","9/2/2026 19:56:40"
"585","291","12/1/2026 18:08:08","9/2/2026 19:56:40","9/2/2026 19:56:40"
"586","292","12/1/2026 18:08:12","9/2/2026 19:56:40","9/2/2026 19:56:40"
"587","163","12/1/2026 18:09:35","9/2/2026 19:56:40","9/2/2026 19:56:40"
"588","68","12/1/2026 18:09:44","9/2/2026 19:56:40","9/2/2026 19:56:40"
"589","113","12/1/2026 18:26:16","9/2/2026 19:56:40","9/2/2026 19:56:40"
"590","151","12/1/2026 19:31:02","9/2/2026 19:56:40","9/2/2026 19:56:40"
"591","146","13/1/2026 00:01:23","9/2/2026 19:56:40","9/2/2026 19:56:40"
"592","175","13/1/2026 04:01:44","9/2/2026 19:56:40","9/2/2026 19:56:40"
"593","338","13/1/2026 04:21:55","9/2/2026 19:56:40","9/2/2026 19:56:40"
"594","290","13/1/2026 04:51:47","9/2/2026 19:56:40","9/2/2026 19:56:40"
"595","343","13/1/2026 05:19:31","9/2/2026 19:56:40","9/2/2026 19:56:40"
"596","209","13/1/2026 05:22:44","9/2/2026 19:56:40","9/2/2026 19:56:40"
"597","205","13/1/2026 05:22:58","9/2/2026 19:56:40","9/2/2026 19:56:40"
"598","37","13/1/2026 05:32:20","9/2/2026 19:56:40","9/2/2026 19:56:40"
"599","245","13/1/2026 05:40:59","9/2/2026 19:56:40","9/2/2026 19:56:40"
"600","142","13/1/2026 05:48:44","9/2/2026 19:56:40","9/2/2026 19:56:40"
"601","56","13/1/2026 05:54:55","9/2/2026 19:56:40","9/2/2026 19:56:40"
"602","178","13/1/2026 06:00:41","9/2/2026 19:56:40","9/2/2026 19:56:40"
"603","89","13/1/2026 06:07:11","9/2/2026 19:56:40","9/2/2026 19:56:40"
"604","263","13/1/2026 06:17:17","9/2/2026 19:56:40","9/2/2026 19:56:40"
"605","58","13/1/2026 06:18:12","9/2/2026 19:56:40","9/2/2026 19:56:40"
"606","130","13/1/2026 06:20:00","9/2/2026 19:56:40","9/2/2026 19:56:40"
"607","1","13/1/2026 06:23:03","9/2/2026 19:56:40","9/2/2026 19:56:40"
"608","140","13/1/2026 06:30:26","9/2/2026 19:56:40","9/2/2026 19:56:40"
"609","148","13/1/2026 06:32:58","9/2/2026 19:56:40","9/2/2026 19:56:40"
"610","241","13/1/2026 06:33:22","9/2/2026 19:56:40","9/2/2026 19:56:40"
"611","119","13/1/2026 06:35:50","9/2/2026 19:56:40","9/2/2026 19:56:40"
"612","124","13/1/2026 06:40:20","9/2/2026 19:56:40","9/2/2026 19:56:40"
"613","272","13/1/2026 06:42:24","9/2/2026 19:56:40","9/2/2026 19:56:40"
"614","398","13/1/2026 06:42:35","9/2/2026 19:56:41","9/2/2026 19:56:41"
"615","139","13/1/2026 06:44:47","9/2/2026 19:56:41","9/2/2026 19:56:41"
"616","25","13/1/2026 06:46:08","9/2/2026 19:56:41","9/2/2026 19:56:41"
"617","42","13/1/2026 06:50:53","9/2/2026 19:56:41","9/2/2026 19:56:41"
"618","403","13/1/2026 06:56:31","9/2/2026 19:56:41","9/2/2026 19:56:41"
"619","308","13/1/2026 06:57:23","9/2/2026 19:56:41","9/2/2026 19:56:41"
"620","279","13/1/2026 06:57:35","9/2/2026 19:56:41","9/2/2026 19:56:41"
"621","374","13/1/2026 06:59:31","9/2/2026 19:56:41","9/2/2026 19:56:41"
"622","71","13/1/2026 07:03:49","9/2/2026 19:56:41","9/2/2026 19:56:41"
"623","153","13/1/2026 07:03:53","9/2/2026 19:56:41","9/2/2026 19:56:41"
"624","313","13/1/2026 07:05:15","9/2/2026 19:56:41","9/2/2026 19:56:41"
"625","196","13/1/2026 07:05:21","9/2/2026 19:56:41","9/2/2026 19:56:41"
"626","164","13/1/2026 07:06:35","9/2/2026 19:56:41","9/2/2026 19:56:41"
"627","401","13/1/2026 07:10:46","9/2/2026 19:56:41","9/2/2026 19:56:41"
"628","314","13/1/2026 07:10:53","9/2/2026 19:56:41","9/2/2026 19:56:41"
"629","399","13/1/2026 07:20:11","9/2/2026 19:56:41","9/2/2026 19:56:41"
"630","350","13/1/2026 07:20:33","9/2/2026 19:56:41","9/2/2026 19:56:41"
"631","15","13/1/2026 07:20:58","9/2/2026 19:56:41","9/2/2026 19:56:41"
"632","341","13/1/2026 07:22:45","9/2/2026 19:56:41","9/2/2026 19:56:41"
"633","351","13/1/2026 07:26:21","9/2/2026 19:56:41","9/2/2026 19:56:41"
"634","332","13/1/2026 07:26:37","9/2/2026 19:56:41","9/2/2026 19:56:41"
"635","360","13/1/2026 07:29:35","9/2/2026 19:56:41","9/2/2026 19:56:41"
"636","136","13/1/2026 07:29:40","9/2/2026 19:56:41","9/2/2026 19:56:41"
"637","116","13/1/2026 07:30:12","9/2/2026 19:56:41","9/2/2026 19:56:41"
"638","179","13/1/2026 07:32:10","9/2/2026 19:56:41","9/2/2026 19:56:41"
"639","114","13/1/2026 07:32:29","9/2/2026 19:56:41","9/2/2026 19:56:41"
"640","10","13/1/2026 07:32:43","9/2/2026 19:56:41","9/2/2026 19:56:41"
"641","17","13/1/2026 07:33:07","9/2/2026 19:56:41","9/2/2026 19:56:41"
"642","248","13/1/2026 07:33:38","9/2/2026 19:56:41","9/2/2026 19:56:41"
"643","217","13/1/2026 07:35:15","9/2/2026 19:56:41","9/2/2026 19:56:41"
"644","7","13/1/2026 07:36:17","9/2/2026 19:56:41","9/2/2026 19:56:41"
"645","39","13/1/2026 07:38:07","9/2/2026 19:56:41","9/2/2026 19:56:41"
"646","77","13/1/2026 07:38:11","9/2/2026 19:56:41","9/2/2026 19:56:41"
"647","122","13/1/2026 07:38:15","9/2/2026 19:56:41","9/2/2026 19:56:41"
"648","112","13/1/2026 07:38:37","9/2/2026 19:56:41","9/2/2026 19:56:41"
"649","121","13/1/2026 07:41:14","9/2/2026 19:56:41","9/2/2026 19:56:41"
"650","151","13/1/2026 07:41:19","9/2/2026 19:56:41","9/2/2026 19:56:41"
"651","311","13/1/2026 07:42:21","9/2/2026 19:56:41","9/2/2026 19:56:41"
"652","329","13/1/2026 07:42:25","9/2/2026 19:56:41","9/2/2026 19:56:41"
"653","115","13/1/2026 07:42:37","9/2/2026 19:56:42","9/2/2026 19:56:42"
"654","204","13/1/2026 07:43:38","9/2/2026 19:56:42","9/2/2026 19:56:42"
"655","255","13/1/2026 07:43:44","9/2/2026 19:56:42","9/2/2026 19:56:42"
"656","258","13/1/2026 07:43:56","9/2/2026 19:56:42","9/2/2026 19:56:42"
"657","389","13/1/2026 07:44:03","9/2/2026 19:56:42","9/2/2026 19:56:42"
"658","393","13/1/2026 07:44:09","9/2/2026 19:56:42","9/2/2026 19:56:42"
"659","24","13/1/2026 07:47:43","9/2/2026 19:56:42","9/2/2026 19:56:42"
"660","111","13/1/2026 07:51:23","9/2/2026 19:56:42","9/2/2026 19:56:42"
"661","319","13/1/2026 07:54:56","9/2/2026 19:56:42","9/2/2026 19:56:42"
"662","276","13/1/2026 07:56:46","9/2/2026 19:56:42","9/2/2026 19:56:42"
"663","100","13/1/2026 07:58:24","9/2/2026 19:56:42","9/2/2026 19:56:42"
"664","215","13/1/2026 08:02:01","9/2/2026 19:56:42","9/2/2026 19:56:42"
"665","278","13/1/2026 08:07:33","9/2/2026 19:56:42","9/2/2026 19:56:42"
"666","254","13/1/2026 09:37:37","9/2/2026 19:56:42","9/2/2026 19:56:42"
"667","243","13/1/2026 10:08:54","9/2/2026 19:56:42","9/2/2026 19:56:42"
"668","326","13/1/2026 10:10:35","9/2/2026 19:56:42","9/2/2026 19:56:42"
"669","130","13/1/2026 15:06:37","9/2/2026 19:56:42","9/2/2026 19:56:42"
"670","263","13/1/2026 15:29:18","9/2/2026 19:56:42","9/2/2026 19:56:42"
"671","308","13/1/2026 15:29:32","9/2/2026 19:56:42","9/2/2026 19:56:42"
"672","398","13/1/2026 15:30:06","9/2/2026 19:56:42","9/2/2026 19:56:42"
"673","351","13/1/2026 15:32:33","9/2/2026 19:56:42","9/2/2026 19:56:42"
"674","401","13/1/2026 15:34:31","9/2/2026 19:56:42","9/2/2026 19:56:42"
"675","313","13/1/2026 15:34:36","9/2/2026 19:56:42","9/2/2026 19:56:42"
"676","399","13/1/2026 15:36:42","9/2/2026 19:56:42","9/2/2026 19:56:42"
"677","178","13/1/2026 15:38:32","9/2/2026 19:56:42","9/2/2026 19:56:42"
"678","179","13/1/2026 15:38:58","9/2/2026 19:56:42","9/2/2026 19:56:42"
"679","403","13/1/2026 15:40:11","9/2/2026 19:56:42","9/2/2026 19:56:42"
"680","196","13/1/2026 15:41:55","9/2/2026 19:56:42","9/2/2026 19:56:42"
"681","279","13/1/2026 16:00:33","9/2/2026 19:56:42","9/2/2026 19:56:42"
"682","111","13/1/2026 16:00:44","9/2/2026 19:56:42","9/2/2026 19:56:42"
"683","341","13/1/2026 16:05:37","9/2/2026 19:56:42","9/2/2026 19:56:42"
"684","343","13/1/2026 16:08:10","9/2/2026 19:56:42","9/2/2026 19:56:42"
"685","311","13/1/2026 16:09:22","9/2/2026 19:56:42","9/2/2026 19:56:42"
"686","326","13/1/2026 16:11:36","9/2/2026 19:56:42","9/2/2026 19:56:42"
"687","375","13/1/2026 16:19:51","9/2/2026 19:56:42","9/2/2026 19:56:42"
"688","163","13/1/2026 16:37:18","9/2/2026 19:56:42","9/2/2026 19:56:42"
"689","74","13/1/2026 16:46:42","9/2/2026 19:56:42","9/2/2026 19:56:42"
"690","73","13/1/2026 16:48:45","9/2/2026 19:56:42","9/2/2026 19:56:42"
"691","332","13/1/2026 17:06:42","9/2/2026 19:56:42","9/2/2026 19:56:42"
"692","15","13/1/2026 17:08:49","9/2/2026 19:56:42","9/2/2026 19:56:42"
"693","272","13/1/2026 17:10:33","9/2/2026 19:56:42","9/2/2026 19:56:42"
"694","89","13/1/2026 17:13:39","9/2/2026 19:56:42","9/2/2026 19:56:42"
"695","68","13/1/2026 17:18:37","9/2/2026 19:56:42","9/2/2026 19:56:42"
"696","217","13/1/2026 17:21:58","9/2/2026 19:56:42","9/2/2026 19:56:42"
"697","69","13/1/2026 17:22:13","9/2/2026 19:56:42","9/2/2026 19:56:42"
"698","276","13/1/2026 17:27:03","9/2/2026 19:56:42","9/2/2026 19:56:42"
"699","169","13/1/2026 17:28:37","9/2/2026 19:56:42","9/2/2026 19:56:42"
"700","131","13/1/2026 17:32:53","9/2/2026 19:56:42","9/2/2026 19:56:42"
"701","183","13/1/2026 17:41:45","9/2/2026 19:56:42","9/2/2026 19:56:42"
"702","109","13/1/2026 17:42:13","9/2/2026 19:56:42","9/2/2026 19:56:42"
"703","141","13/1/2026 17:42:54","9/2/2026 19:56:42","9/2/2026 19:56:42"
"704","291","13/1/2026 17:45:23","9/2/2026 19:56:42","9/2/2026 19:56:42"
"705","292","13/1/2026 17:45:26","9/2/2026 19:56:42","9/2/2026 19:56:42"
"706","60","13/1/2026 17:48:01","9/2/2026 19:56:42","9/2/2026 19:56:42"
"707","105","13/1/2026 17:54:41","9/2/2026 19:56:42","9/2/2026 19:56:42"
"708","113","13/1/2026 17:54:49","9/2/2026 19:56:42","9/2/2026 19:56:42"
"709","164","13/1/2026 18:02:03","9/2/2026 19:56:42","9/2/2026 19:56:42"
"710","148","13/1/2026 18:02:10","9/2/2026 19:56:42","9/2/2026 19:56:42"
"711","142","13/1/2026 18:02:38","9/2/2026 19:56:43","9/2/2026 19:56:43"
"712","70","13/1/2026 18:03:58","9/2/2026 19:56:43","9/2/2026 19:56:43"
"713","140","13/1/2026 18:04:03","9/2/2026 19:56:43","9/2/2026 19:56:43"
"714","290","13/1/2026 18:04:10","9/2/2026 19:56:43","9/2/2026 19:56:43"
"715","124","13/1/2026 18:06:21","9/2/2026 19:56:43","9/2/2026 19:56:43"
"716","139","13/1/2026 18:07:16","9/2/2026 19:56:43","9/2/2026 19:56:43"
"717","119","13/1/2026 18:07:27","9/2/2026 19:56:43","9/2/2026 19:56:43"
"718","136","13/1/2026 18:11:57","9/2/2026 19:56:43","9/2/2026 19:56:43"
"719","153","13/1/2026 18:12:09","9/2/2026 19:56:43","9/2/2026 19:56:43"
"720","71","13/1/2026 18:14:30","9/2/2026 19:56:43","9/2/2026 19:56:43"
"721","338","14/1/2026 04:04:16","9/2/2026 19:56:43","9/2/2026 19:56:43"
"722","303","14/1/2026 04:57:44","9/2/2026 19:56:43","9/2/2026 19:56:43"
"723","288","14/1/2026 05:16:48","9/2/2026 19:56:43","9/2/2026 19:56:43"
"724","238","14/1/2026 05:28:05","9/2/2026 19:56:43","9/2/2026 19:56:43"
"725","249","14/1/2026 05:30:47","9/2/2026 19:56:43","9/2/2026 19:56:43"
"726","178","14/1/2026 05:31:56","9/2/2026 19:56:43","9/2/2026 19:56:43"
"727","199","14/1/2026 05:35:15","9/2/2026 19:56:43","9/2/2026 19:56:43"
"728","293","14/1/2026 05:35:20","9/2/2026 19:56:43","9/2/2026 19:56:43"
"729","214","14/1/2026 05:38:16","9/2/2026 19:56:43","9/2/2026 19:56:43"
"730","46","14/1/2026 05:40:14","9/2/2026 19:56:43","9/2/2026 19:56:43"
"731","23","14/1/2026 05:41:10","9/2/2026 19:56:43","9/2/2026 19:56:43"
"732","26","14/1/2026 05:54:10","9/2/2026 19:56:43","9/2/2026 19:56:43"
"733","95","14/1/2026 06:03:16","9/2/2026 19:56:43","9/2/2026 19:56:43"
"734","242","14/1/2026 06:07:13","9/2/2026 19:56:43","9/2/2026 19:56:43"
"735","130","14/1/2026 06:08:49","9/2/2026 19:56:43","9/2/2026 19:56:43"
"736","206","14/1/2026 06:09:10","9/2/2026 19:56:43","9/2/2026 19:56:43"
"737","221","14/1/2026 06:14:43","9/2/2026 19:56:43","9/2/2026 19:56:43"
"738","399","14/1/2026 06:24:15","9/2/2026 19:56:43","9/2/2026 19:56:43"
"739","308","14/1/2026 06:34:37","9/2/2026 19:56:43","9/2/2026 19:56:43"
"740","1","14/1/2026 06:34:43","9/2/2026 19:56:43","9/2/2026 19:56:43"
"741","263","14/1/2026 06:34:47","9/2/2026 19:56:43","9/2/2026 19:56:43"
"742","326","14/1/2026 06:37:48","9/2/2026 19:56:43","9/2/2026 19:56:43"
"743","222","14/1/2026 06:38:30","9/2/2026 19:56:43","9/2/2026 19:56:43"
"744","272","14/1/2026 06:43:43","9/2/2026 19:56:43","9/2/2026 19:56:43"
"745","223","14/1/2026 06:47:34","9/2/2026 19:56:43","9/2/2026 19:56:43"
"746","90","14/1/2026 06:47:56","9/2/2026 19:56:43","9/2/2026 19:56:43"
"747","128","14/1/2026 06:48:45","9/2/2026 19:56:43","9/2/2026 19:56:43"
"748","101","14/1/2026 06:49:04","9/2/2026 19:56:43","9/2/2026 19:56:43"
"749","171","14/1/2026 06:53:24","9/2/2026 19:56:43","9/2/2026 19:56:43"
"750","159","14/1/2026 06:53:28","9/2/2026 19:56:43","9/2/2026 19:56:43"
"751","279","14/1/2026 06:54:37","9/2/2026 19:56:43","9/2/2026 19:56:43"
"752","147","14/1/2026 06:54:46","9/2/2026 19:56:43","9/2/2026 19:56:43"
"753","233","14/1/2026 06:58:16","9/2/2026 19:56:43","9/2/2026 19:56:43"
"754","313","14/1/2026 06:58:23","9/2/2026 19:56:43","9/2/2026 19:56:43"
"755","403","14/1/2026 07:00:24","9/2/2026 19:56:43","9/2/2026 19:56:43"
"756","374","14/1/2026 07:02:06","9/2/2026 19:56:43","9/2/2026 19:56:43"
"757","98","14/1/2026 07:04:11","9/2/2026 19:56:43","9/2/2026 19:56:43"
"758","196","14/1/2026 07:05:43","9/2/2026 19:56:43","9/2/2026 19:56:43"
"759","401","14/1/2026 07:08:16","9/2/2026 19:56:44","9/2/2026 19:56:44"
"760","314","14/1/2026 07:08:23","9/2/2026 19:56:44","9/2/2026 19:56:44"
"761","362","14/1/2026 07:10:19","9/2/2026 19:56:44","9/2/2026 19:56:44"
"762","361","14/1/2026 07:12:59","9/2/2026 19:56:44","9/2/2026 19:56:44"
"763","260","14/1/2026 07:14:42","9/2/2026 19:56:44","9/2/2026 19:56:44"
"764","94","14/1/2026 07:14:45","9/2/2026 19:56:44","9/2/2026 19:56:44"
"765","351","14/1/2026 07:16:08","9/2/2026 19:56:44","9/2/2026 19:56:44"
"766","341","14/1/2026 07:25:12","9/2/2026 19:56:44","9/2/2026 19:56:44"
"767","327","14/1/2026 07:29:05","9/2/2026 19:56:44","9/2/2026 19:56:44"
"768","162","14/1/2026 07:29:39","9/2/2026 19:56:44","9/2/2026 19:56:44"
"769","69","14/1/2026 07:29:50","9/2/2026 19:56:44","9/2/2026 19:56:44"
"770","60","14/1/2026 07:29:59","9/2/2026 19:56:44","9/2/2026 19:56:44"
"771","105","14/1/2026 07:30:05","9/2/2026 19:56:44","9/2/2026 19:56:44"
"772","73","14/1/2026 07:30:11","9/2/2026 19:56:44","9/2/2026 19:56:44"
"773","393","14/1/2026 07:30:54","9/2/2026 19:56:44","9/2/2026 19:56:44"
"774","84","14/1/2026 07:31:14","9/2/2026 19:56:44","9/2/2026 19:56:44"
"775","375","14/1/2026 07:31:22","9/2/2026 19:56:44","9/2/2026 19:56:44"
"776","15","14/1/2026 07:31:28","9/2/2026 19:56:44","9/2/2026 19:56:44"
"777","277","14/1/2026 07:31:39","9/2/2026 19:56:44","9/2/2026 19:56:44"
"778","141","14/1/2026 07:32:04","9/2/2026 19:56:44","9/2/2026 19:56:44"
"779","169","14/1/2026 07:32:32","9/2/2026 19:56:44","9/2/2026 19:56:44"
"780","183","14/1/2026 07:32:40","9/2/2026 19:56:44","9/2/2026 19:56:44"
"781","83","14/1/2026 07:32:50","9/2/2026 19:56:44","9/2/2026 19:56:44"
"782","109","14/1/2026 07:33:23","9/2/2026 19:56:44","9/2/2026 19:56:44"
"783","131","14/1/2026 07:33:28","9/2/2026 19:56:44","9/2/2026 19:56:44"
"784","179","14/1/2026 07:35:27","9/2/2026 19:56:44","9/2/2026 19:56:44"
"785","332","14/1/2026 07:36:22","9/2/2026 19:56:44","9/2/2026 19:56:44"
"786","350","14/1/2026 07:38:13","9/2/2026 19:56:44","9/2/2026 19:56:44"
"787","74","14/1/2026 07:38:22","9/2/2026 19:56:44","9/2/2026 19:56:44"
"788","212","14/1/2026 07:40:40","9/2/2026 19:56:44","9/2/2026 19:56:44"
"789","311","14/1/2026 07:43:10","9/2/2026 19:56:44","9/2/2026 19:56:44"
"790","32","14/1/2026 07:43:30","9/2/2026 19:56:44","9/2/2026 19:56:44"
"791","68","14/1/2026 07:43:43","9/2/2026 19:56:44","9/2/2026 19:56:44"
"792","163","14/1/2026 07:43:49","9/2/2026 19:56:44","9/2/2026 19:56:44"
"793","42","14/1/2026 07:45:18","9/2/2026 19:56:45","9/2/2026 19:56:45"
"794","276","14/1/2026 07:45:27","9/2/2026 19:56:45","9/2/2026 19:56:45"
"795","241","14/1/2026 07:47:19","9/2/2026 19:56:45","9/2/2026 19:56:45"
"796","37","14/1/2026 07:49:17","9/2/2026 19:56:45","9/2/2026 19:56:45"
"797","50","14/1/2026 07:50:56","9/2/2026 19:56:45","9/2/2026 19:56:45"
"798","113","14/1/2026 07:53:32","9/2/2026 19:56:45","9/2/2026 19:56:45"
"799","43","14/1/2026 07:53:38","9/2/2026 19:56:45","9/2/2026 19:56:45"
"800","245","14/1/2026 07:53:55","9/2/2026 19:56:45","9/2/2026 19:56:45"
"801","44","14/1/2026 07:54:03","9/2/2026 19:56:45","9/2/2026 19:56:45"
"802","217","14/1/2026 07:55:20","9/2/2026 19:56:45","9/2/2026 19:56:45"
"803","209","14/1/2026 08:00:03","9/2/2026 19:56:45","9/2/2026 19:56:45"
"804","366","14/1/2026 08:00:14","9/2/2026 19:56:45","9/2/2026 19:56:45"
"805","205","14/1/2026 08:00:21","9/2/2026 19:56:45","9/2/2026 19:56:45"
"806","56","14/1/2026 08:00:45","9/2/2026 19:56:45","9/2/2026 19:56:45"
"807","58","14/1/2026 08:34:31","9/2/2026 19:56:45","9/2/2026 19:56:45"
"808","254","14/1/2026 10:04:42","9/2/2026 19:56:45","9/2/2026 19:56:45"
"809","178","14/1/2026 11:57:29","9/2/2026 19:56:45","9/2/2026 19:56:45"
"810","290","14/1/2026 14:37:46","9/2/2026 19:56:45","9/2/2026 19:56:45"
"811","338","14/1/2026 15:01:06","9/2/2026 19:56:45","9/2/2026 19:56:45"
"812","130","14/1/2026 15:11:07","9/2/2026 19:56:45","9/2/2026 19:56:45"
"813","403","14/1/2026 15:32:07","9/2/2026 19:56:45","9/2/2026 19:56:45"
"814","308","14/1/2026 15:32:38","9/2/2026 19:56:45","9/2/2026 19:56:45"
"815","351","14/1/2026 15:35:37","9/2/2026 19:56:45","9/2/2026 19:56:45"
"816","196","14/1/2026 15:37:46","9/2/2026 19:56:45","9/2/2026 19:56:45"
"817","399","14/1/2026 15:42:17","9/2/2026 19:56:45","9/2/2026 19:56:45"
"818","142","14/1/2026 15:44:47","9/2/2026 19:56:45","9/2/2026 19:56:45"
"819","179","14/1/2026 15:58:26","9/2/2026 19:56:45","9/2/2026 19:56:45"
"820","313","14/1/2026 15:58:59","9/2/2026 19:56:45","9/2/2026 19:56:45"
"821","311","14/1/2026 15:59:04","9/2/2026 19:56:45","9/2/2026 19:56:45"
"822","343","14/1/2026 16:03:15","9/2/2026 19:56:45","9/2/2026 19:56:45"
"823","148","14/1/2026 16:05:07","9/2/2026 19:56:45","9/2/2026 19:56:45"
"824","119","14/1/2026 16:05:17","9/2/2026 19:56:45","9/2/2026 19:56:45"
"825","111","14/1/2026 16:07:55","9/2/2026 19:56:45","9/2/2026 19:56:45"
"826","341","14/1/2026 16:08:03","9/2/2026 19:56:45","9/2/2026 19:56:45"
"827","279","14/1/2026 16:14:03","9/2/2026 19:56:45","9/2/2026 19:56:45"
"828","326","14/1/2026 16:18:45","9/2/2026 19:56:45","9/2/2026 19:56:45"
"829","124","14/1/2026 16:20:12","9/2/2026 19:56:45","9/2/2026 19:56:45"
"830","140","14/1/2026 16:42:56","9/2/2026 19:56:45","9/2/2026 19:56:45"
"831","70","14/1/2026 16:45:10","9/2/2026 19:56:45","9/2/2026 19:56:45"
"832","25","14/1/2026 16:47:39","9/2/2026 19:56:45","9/2/2026 19:56:45"
"833","89","14/1/2026 16:51:06","9/2/2026 19:56:45","9/2/2026 19:56:45"
"834","139","14/1/2026 16:57:14","9/2/2026 19:56:45","9/2/2026 19:56:45"
"835","249","14/1/2026 16:58:47","9/2/2026 19:56:45","9/2/2026 19:56:45"
"836","71","14/1/2026 17:03:40","9/2/2026 19:56:45","9/2/2026 19:56:45"
"837","332","14/1/2026 17:05:10","9/2/2026 19:56:45","9/2/2026 19:56:45"
"838","217","14/1/2026 17:05:37","9/2/2026 19:56:45","9/2/2026 19:56:45"
"839","164","14/1/2026 17:06:02","9/2/2026 19:56:45","9/2/2026 19:56:45"
"840","15","14/1/2026 17:08:47","9/2/2026 19:56:45","9/2/2026 19:56:45"
"841","272","14/1/2026 17:09:02","9/2/2026 19:56:46","9/2/2026 19:56:46"
"842","153","14/1/2026 17:09:37","9/2/2026 19:56:46","9/2/2026 19:56:46"
"843","136","14/1/2026 17:29:40","9/2/2026 19:56:46","9/2/2026 19:56:46"
"844","276","14/1/2026 17:30:03","9/2/2026 19:56:46","9/2/2026 19:56:46"
"845","95","14/1/2026 18:01:02","9/2/2026 19:56:46","9/2/2026 19:56:46"
"846","90","14/1/2026 18:05:49","9/2/2026 19:56:46","9/2/2026 19:56:46"
"847","101","14/1/2026 18:08:35","9/2/2026 19:56:46","9/2/2026 19:56:46"
"848","361","14/1/2026 18:08:40","9/2/2026 19:56:46","9/2/2026 19:56:46"
"849","159","14/1/2026 18:09:26","9/2/2026 19:56:46","9/2/2026 19:56:46"
"850","147","14/1/2026 18:09:42","9/2/2026 19:56:46","9/2/2026 19:56:46"
"851","171","14/1/2026 18:10:29","9/2/2026 19:56:46","9/2/2026 19:56:46"
"852","98","14/1/2026 18:12:00","9/2/2026 19:56:46","9/2/2026 19:56:46"
"853","94","14/1/2026 18:12:50","9/2/2026 19:56:46","9/2/2026 19:56:46"
"854","362","14/1/2026 18:13:37","9/2/2026 19:56:46","9/2/2026 19:56:46"
"855","84","14/1/2026 18:13:46","9/2/2026 19:56:46","9/2/2026 19:56:46"
"856","50","14/1/2026 18:18:00","9/2/2026 19:56:46","9/2/2026 19:56:46"
"857","128","14/1/2026 18:18:47","9/2/2026 19:56:46","9/2/2026 19:56:46"
"858","338","15/1/2026 05:10:34","9/2/2026 19:56:46","9/2/2026 19:56:46"
"859","209","15/1/2026 05:29:18","9/2/2026 19:56:46","9/2/2026 19:56:46"
"860","42","15/1/2026 05:29:23","9/2/2026 19:56:46","9/2/2026 19:56:46"
"861","205","15/1/2026 05:29:36","9/2/2026 19:56:46","9/2/2026 19:56:46"
"862","20","15/1/2026 05:29:44","9/2/2026 19:56:46","9/2/2026 19:56:46"
"863","245","15/1/2026 05:34:48","9/2/2026 19:56:46","9/2/2026 19:56:46"
"864","178","15/1/2026 05:38:19","9/2/2026 19:56:46","9/2/2026 19:56:46"
"865","32","15/1/2026 05:38:25","9/2/2026 19:56:46","9/2/2026 19:56:46"
"866","350","15/1/2026 05:57:32","9/2/2026 19:56:46","9/2/2026 19:56:46"
"867","311","15/1/2026 06:03:22","9/2/2026 19:56:46","9/2/2026 19:56:46"
"868","56","15/1/2026 06:04:42","9/2/2026 19:56:46","9/2/2026 19:56:46"
"869","399","15/1/2026 06:13:10","9/2/2026 19:56:46","9/2/2026 19:56:46"
"870","37","15/1/2026 06:14:05","9/2/2026 19:56:46","9/2/2026 19:56:46"
"871","92","15/1/2026 06:14:12","9/2/2026 19:56:46","9/2/2026 19:56:46"
"872","122","15/1/2026 06:19:10","9/2/2026 19:56:46","9/2/2026 19:56:46"
"873","130","15/1/2026 06:23:11","9/2/2026 19:56:46","9/2/2026 19:56:46"
"874","277","15/1/2026 06:25:23","9/2/2026 19:56:46","9/2/2026 19:56:46"
"875","125","15/1/2026 06:29:00","9/2/2026 19:56:46","9/2/2026 19:56:46"
"876","100","15/1/2026 06:31:01","9/2/2026 19:56:46","9/2/2026 19:56:46"
"877","114","15/1/2026 06:33:20","9/2/2026 19:56:46","9/2/2026 19:56:46"
"878","366","15/1/2026 06:33:54","9/2/2026 19:56:46","9/2/2026 19:56:46"
"879","75","15/1/2026 06:34:23","9/2/2026 19:56:46","9/2/2026 19:56:46"
"880","112","15/1/2026 06:36:14","9/2/2026 19:56:46","9/2/2026 19:56:46"
"881","1","15/1/2026 06:36:36","9/2/2026 19:56:46","9/2/2026 19:56:46"
"882","308","15/1/2026 06:37:32","9/2/2026 19:56:46","9/2/2026 19:56:46"
"883","43","15/1/2026 06:40:52","9/2/2026 19:56:46","9/2/2026 19:56:46"
"884","121","15/1/2026 06:41:45","9/2/2026 19:56:46","9/2/2026 19:56:46"
"885","146","15/1/2026 06:42:10","9/2/2026 19:56:46","9/2/2026 19:56:46"
"886","258","15/1/2026 06:44:17","9/2/2026 19:56:46","9/2/2026 19:56:46"
"887","241","15/1/2026 06:47:37","9/2/2026 19:56:46","9/2/2026 19:56:46"
"888","77","15/1/2026 06:47:41","9/2/2026 19:56:46","9/2/2026 19:56:46"
"889","112","15/1/2026 06:47:57","9/2/2026 19:56:46","9/2/2026 19:56:46"
"890","360","15/1/2026 06:49:06","9/2/2026 19:56:46","9/2/2026 19:56:46"
"891","272","15/1/2026 06:49:48","9/2/2026 19:56:47","9/2/2026 19:56:47"
"892","279","15/1/2026 06:49:59","9/2/2026 19:56:47","9/2/2026 19:56:47"
"893","151","15/1/2026 06:52:41","9/2/2026 19:56:47","9/2/2026 19:56:47"
"894","403","15/1/2026 06:53:25","9/2/2026 19:56:47","9/2/2026 19:56:47"
"895","115","15/1/2026 06:53:43","9/2/2026 19:56:47","9/2/2026 19:56:47"
"896","269","15/1/2026 06:55:07","9/2/2026 19:56:47","9/2/2026 19:56:47"
"897","398","15/1/2026 06:59:40","9/2/2026 19:56:47","9/2/2026 19:56:47"
"898","196","15/1/2026 07:01:36","9/2/2026 19:56:47","9/2/2026 19:56:47"
"899","127","15/1/2026 07:02:02","9/2/2026 19:56:47","9/2/2026 19:56:47"
"900","313","15/1/2026 07:11:17","9/2/2026 19:56:47","9/2/2026 19:56:47"
"901","116","15/1/2026 07:13:52","9/2/2026 19:56:47","9/2/2026 19:56:47"
"902","351","15/1/2026 07:14:57","9/2/2026 19:56:47","9/2/2026 19:56:47"
"903","15","15/1/2026 07:28:30","9/2/2026 19:56:47","9/2/2026 19:56:47"
"904","153","15/1/2026 07:30:14","9/2/2026 19:56:47","9/2/2026 19:56:47"
"905","148","15/1/2026 07:31:10","9/2/2026 19:56:47","9/2/2026 19:56:47"
"906","290","15/1/2026 07:31:41","9/2/2026 19:56:47","9/2/2026 19:56:47"
"907","89","15/1/2026 07:33:25","9/2/2026 19:56:47","9/2/2026 19:56:47"
"908","341","15/1/2026 07:34:01","9/2/2026 19:56:47","9/2/2026 19:56:47"
"909","142","15/1/2026 07:34:16","9/2/2026 19:56:47","9/2/2026 19:56:47"
"910","224","15/1/2026 07:34:54","9/2/2026 19:56:47","9/2/2026 19:56:47"
"911","263","15/1/2026 07:35:06","9/2/2026 19:56:47","9/2/2026 19:56:47"
"912","70","15/1/2026 07:35:10","9/2/2026 19:56:47","9/2/2026 19:56:47"
"913","217","15/1/2026 07:35:40","9/2/2026 19:56:47","9/2/2026 19:56:47"
"914","164","15/1/2026 07:36:09","9/2/2026 19:56:47","9/2/2026 19:56:47"
"915","139","15/1/2026 07:36:15","9/2/2026 19:56:47","9/2/2026 19:56:47"
"916","111","15/1/2026 07:36:22","9/2/2026 19:56:47","9/2/2026 19:56:47"
"917","71","15/1/2026 07:37:36","9/2/2026 19:56:47","9/2/2026 19:56:47"
"918","124","15/1/2026 07:37:42","9/2/2026 19:56:47","9/2/2026 19:56:47"
"919","140","15/1/2026 07:38:00","9/2/2026 19:56:47","9/2/2026 19:56:47"
"920","119","15/1/2026 07:38:08","9/2/2026 19:56:47","9/2/2026 19:56:47"
"921","223","15/1/2026 07:38:53","9/2/2026 19:56:47","9/2/2026 19:56:47"
"922","221","15/1/2026 07:39:01","9/2/2026 19:56:47","9/2/2026 19:56:47"
"923","276","15/1/2026 07:44:37","9/2/2026 19:56:47","9/2/2026 19:56:47"
"924","214","15/1/2026 07:45:25","9/2/2026 19:56:47","9/2/2026 19:56:47"
"925","23","15/1/2026 07:45:34","9/2/2026 19:56:47","9/2/2026 19:56:47"
"926","136","15/1/2026 07:45:57","9/2/2026 19:56:47","9/2/2026 19:56:47"
"927","326","15/1/2026 07:47:12","9/2/2026 19:56:48","9/2/2026 19:56:48"
"928","50","15/1/2026 07:52:29","9/2/2026 19:56:48","9/2/2026 19:56:48"
"929","242","15/1/2026 07:53:24","9/2/2026 19:56:48","9/2/2026 19:56:48"
"930","46","15/1/2026 07:54:46","9/2/2026 19:56:48","9/2/2026 19:56:48"
"931","26","15/1/2026 07:54:50","9/2/2026 19:56:48","9/2/2026 19:56:48"
"932","332","15/1/2026 07:54:55","9/2/2026 19:56:48","9/2/2026 19:56:48"
"933","233","15/1/2026 07:55:20","9/2/2026 19:56:48","9/2/2026 19:56:48"
"934","238","15/1/2026 07:56:50","9/2/2026 19:56:48","9/2/2026 19:56:48"
"935","288","15/1/2026 07:57:12","9/2/2026 19:56:48","9/2/2026 19:56:48"
"936","222","15/1/2026 08:00:15","9/2/2026 19:56:48","9/2/2026 19:56:48"
"937","293","15/1/2026 08:00:18","9/2/2026 19:56:48","9/2/2026 19:56:48"
"938","19","15/1/2026 08:11:30","9/2/2026 19:56:48","9/2/2026 19:56:48"
"939","206","15/1/2026 08:38:02","9/2/2026 19:56:48","9/2/2026 19:56:48"
"940","254","15/1/2026 14:48:35","9/2/2026 19:56:48","9/2/2026 19:56:48"
"941","338","15/1/2026 15:01:52","9/2/2026 19:56:48","9/2/2026 19:56:48"
"942","130","15/1/2026 15:06:58","9/2/2026 19:56:48","9/2/2026 19:56:48"
"943","80","15/1/2026 15:25:24","9/2/2026 19:56:48","9/2/2026 19:56:48"
"944","398","15/1/2026 15:30:06","9/2/2026 19:56:48","9/2/2026 19:56:48"
"945","178","15/1/2026 15:36:07","9/2/2026 19:56:48","9/2/2026 19:56:48"
"946","179","15/1/2026 15:36:27","9/2/2026 19:56:48","9/2/2026 19:56:48"
"947","403","15/1/2026 15:49:17","9/2/2026 19:56:48","9/2/2026 19:56:48"
"948","111","15/1/2026 15:59:51","9/2/2026 19:56:48","9/2/2026 19:56:48"
"949","279","15/1/2026 16:00:04","9/2/2026 19:56:48","9/2/2026 19:56:48"
"950","326","15/1/2026 16:00:16","9/2/2026 19:56:48","9/2/2026 19:56:48"
"951","351","15/1/2026 16:00:27","9/2/2026 19:56:48","9/2/2026 19:56:48"
"952","341","15/1/2026 16:04:28","9/2/2026 19:56:48","9/2/2026 19:56:48"
"953","313","15/1/2026 16:05:23","9/2/2026 19:56:48","9/2/2026 19:56:48"
"954","311","15/1/2026 16:05:33","9/2/2026 19:56:48","9/2/2026 19:56:48"
"955","343","15/1/2026 16:10:37","9/2/2026 19:56:48","9/2/2026 19:56:48"
"956","162","15/1/2026 16:21:12","9/2/2026 19:56:48","9/2/2026 19:56:48"
"957","90","15/1/2026 16:37:34","9/2/2026 19:56:48","9/2/2026 19:56:48"
"958","84","15/1/2026 16:44:37","9/2/2026 19:56:48","9/2/2026 19:56:48"
"959","159","15/1/2026 16:45:05","9/2/2026 19:56:48","9/2/2026 19:56:48"
"960","332","15/1/2026 17:06:06","9/2/2026 19:56:48","9/2/2026 19:56:48"
"961","217","15/1/2026 17:11:08","9/2/2026 19:56:48","9/2/2026 19:56:48"
"962","138","15/1/2026 17:14:23","9/2/2026 19:56:48","9/2/2026 19:56:48"
"963","272","15/1/2026 17:17:13","9/2/2026 19:56:48","9/2/2026 19:56:48"
"964","15","15/1/2026 17:18:21","9/2/2026 19:56:48","9/2/2026 19:56:48"
"965","98","15/1/2026 17:18:49","9/2/2026 19:56:48","9/2/2026 19:56:48"
"966","147","15/1/2026 17:18:54","9/2/2026 19:56:48","9/2/2026 19:56:48"
"967","95","15/1/2026 17:20:11","9/2/2026 19:56:49","9/2/2026 19:56:49"
"968","101","15/1/2026 17:21:03","9/2/2026 19:56:49","9/2/2026 19:56:49"
"969","171","15/1/2026 17:33:51","9/2/2026 19:56:49","9/2/2026 19:56:49"
"970","4","15/1/2026 17:35:43","9/2/2026 19:56:49","9/2/2026 19:56:49"
"971","362","15/1/2026 17:38:40","9/2/2026 19:56:49","9/2/2026 19:56:49"
"972","50","15/1/2026 17:48:26","9/2/2026 19:56:49","9/2/2026 19:56:49"
"973","154","15/1/2026 17:48:31","9/2/2026 19:56:49","9/2/2026 19:56:49"
"974","94","15/1/2026 17:53:03","9/2/2026 19:56:49","9/2/2026 19:56:49"
"975","146","15/1/2026 18:00:02","9/2/2026 19:56:49","9/2/2026 19:56:49"
"976","125","15/1/2026 18:00:06","9/2/2026 19:56:49","9/2/2026 19:56:49"
"977","75","15/1/2026 18:00:09","9/2/2026 19:56:49","9/2/2026 19:56:49"
"978","128","15/1/2026 18:00:21","9/2/2026 19:56:49","9/2/2026 19:56:49"
"979","114","15/1/2026 18:00:30","9/2/2026 19:56:49","9/2/2026 19:56:49"
"980","116","15/1/2026 18:01:18","9/2/2026 19:56:49","9/2/2026 19:56:49"
"981","360","15/1/2026 18:03:45","9/2/2026 19:56:49","9/2/2026 19:56:49"
"982","115","15/1/2026 18:05:56","9/2/2026 19:56:49","9/2/2026 19:56:49"
"983","112","15/1/2026 18:06:29","9/2/2026 19:56:49","9/2/2026 19:56:49"
"984","122","15/1/2026 18:06:33","9/2/2026 19:56:49","9/2/2026 19:56:49"
"985","121","15/1/2026 18:07:06","9/2/2026 19:56:49","9/2/2026 19:56:49"
"986","100","15/1/2026 18:07:25","9/2/2026 19:56:49","9/2/2026 19:56:49"
"987","258","15/1/2026 18:08:01","9/2/2026 19:56:49","9/2/2026 19:56:49"
"988","151","15/1/2026 18:08:12","9/2/2026 19:56:49","9/2/2026 19:56:49"
"989","77","15/1/2026 18:08:15","9/2/2026 19:56:49","9/2/2026 19:56:49"
"990","92","15/1/2026 18:08:21","9/2/2026 19:56:49","9/2/2026 19:56:49"
"991","127","15/1/2026 18:11:42","9/2/2026 19:56:49","9/2/2026 19:56:49"
"992","361","15/1/2026 22:11:46","9/2/2026 19:56:49","9/2/2026 19:56:49"
"993","338","16/1/2026 04:16:53","9/2/2026 19:56:49","9/2/2026 19:56:49"
"994","128","16/1/2026 05:12:22","9/2/2026 19:56:49","9/2/2026 19:56:49"
"995","214","16/1/2026 05:34:35","9/2/2026 19:56:49","9/2/2026 19:56:49"
"996","46","16/1/2026 05:37:05","9/2/2026 19:56:49","9/2/2026 19:56:49"
"997","23","16/1/2026 05:38:17","9/2/2026 19:56:49","9/2/2026 19:56:49"
"998","238","16/1/2026 05:40:31","9/2/2026 19:56:49","9/2/2026 19:56:49"
"999","222","16/1/2026 05:43:03","9/2/2026 19:56:49","9/2/2026 19:56:49"
"1000","178","16/1/2026 05:47:07","9/2/2026 19:56:49","9/2/2026 19:56:49"
"1001","61","16/1/2026 05:50:47","9/2/2026 19:56:49","9/2/2026 19:56:49"
"1002","224","16/1/2026 05:51:12","9/2/2026 19:56:49","9/2/2026 19:56:49"
"1003","73","16/1/2026 05:51:31","9/2/2026 19:56:49","9/2/2026 19:56:49"
"1004","66","16/1/2026 06:04:20","9/2/2026 19:56:49","9/2/2026 19:56:49"
"1005","293","16/1/2026 06:14:00","9/2/2026 19:56:49","9/2/2026 19:56:49"
"1006","242","16/1/2026 06:16:41","9/2/2026 19:56:50","9/2/2026 19:56:50"
"1007","375","16/1/2026 06:19:40","9/2/2026 19:56:50","9/2/2026 19:56:50"
"1008","206","16/1/2026 06:21:16","9/2/2026 19:56:50","9/2/2026 19:56:50"
"1009","221","16/1/2026 06:21:57","9/2/2026 19:56:50","9/2/2026 19:56:50"
"1010","26","16/1/2026 06:23:07","9/2/2026 19:56:50","9/2/2026 19:56:50"
"1011","130","16/1/2026 06:23:35","9/2/2026 19:56:50","9/2/2026 19:56:50"
"1012","399","16/1/2026 06:34:11","9/2/2026 19:56:50","9/2/2026 19:56:50"
"1013","223","16/1/2026 06:37:09","9/2/2026 19:56:50","9/2/2026 19:56:50"
"1014","291","16/1/2026 06:39:53","9/2/2026 19:56:50","9/2/2026 19:56:50"
"1015","292","16/1/2026 06:39:57","9/2/2026 19:56:50","9/2/2026 19:56:50"
"1016","183","16/1/2026 06:42:07","9/2/2026 19:56:50","9/2/2026 19:56:50"
"1017","141","16/1/2026 06:43:09","9/2/2026 19:56:50","9/2/2026 19:56:50"
"1018","163","16/1/2026 06:43:24","9/2/2026 19:56:50","9/2/2026 19:56:50"
"1019","109","16/1/2026 06:45:57","9/2/2026 19:56:50","9/2/2026 19:56:50"
"1020","60","16/1/2026 06:46:50","9/2/2026 19:56:50","9/2/2026 19:56:50"
"1021","308","16/1/2026 06:46:58","9/2/2026 19:56:50","9/2/2026 19:56:50"
"1022","17","16/1/2026 06:48:51","9/2/2026 19:56:50","9/2/2026 19:56:50"
"1023","74","16/1/2026 06:49:20","9/2/2026 19:56:50","9/2/2026 19:56:50"
"1024","327","16/1/2026 06:49:38","9/2/2026 19:56:50","9/2/2026 19:56:50"
"1025","316","16/1/2026 06:50:22","9/2/2026 19:56:50","9/2/2026 19:56:50"
"1026","68","16/1/2026 06:52:54","9/2/2026 19:56:50","9/2/2026 19:56:50"
"1027","403","16/1/2026 06:55:10","9/2/2026 19:56:50","9/2/2026 19:56:50"
"1028","279","16/1/2026 06:56:19","9/2/2026 19:56:50","9/2/2026 19:56:50"
"1029","272","16/1/2026 07:03:15","9/2/2026 19:56:50","9/2/2026 19:56:50"
"1030","398","16/1/2026 07:06:28","9/2/2026 19:56:50","9/2/2026 19:56:50"
"1031","69","16/1/2026 07:06:53","9/2/2026 19:56:50","9/2/2026 19:56:50"
"1032","118","16/1/2026 07:10:37","9/2/2026 19:56:50","9/2/2026 19:56:50"
"1033","131","16/1/2026 07:14:45","9/2/2026 19:56:50","9/2/2026 19:56:50"
"1034","1","16/1/2026 07:14:53","9/2/2026 19:56:50","9/2/2026 19:56:50"
"1035","157","16/1/2026 07:15:06","9/2/2026 19:56:50","9/2/2026 19:56:50"
"1036","169","16/1/2026 07:15:19","9/2/2026 19:56:50","9/2/2026 19:56:50"
"1037","113","16/1/2026 07:15:21","9/2/2026 19:56:50","9/2/2026 19:56:50"
"1038","341","16/1/2026 07:19:08","9/2/2026 19:56:50","9/2/2026 19:56:50"
"1039","351","16/1/2026 07:23:12","9/2/2026 19:56:50","9/2/2026 19:56:50"
"1040","263","16/1/2026 07:24:30","9/2/2026 19:56:50","9/2/2026 19:56:50"
"1041","196","16/1/2026 07:27:58","9/2/2026 19:56:50","9/2/2026 19:56:50"
"1042","313","16/1/2026 07:28:43","9/2/2026 19:56:50","9/2/2026 19:56:50"
"1043","147","16/1/2026 07:30:12","9/2/2026 19:56:50","9/2/2026 19:56:50"
"1044","15","16/1/2026 07:31:34","9/2/2026 19:56:50","9/2/2026 19:56:50"
"1045","159","16/1/2026 07:32:24","9/2/2026 19:56:50","9/2/2026 19:56:50"
"1046","98","16/1/2026 07:33:44","9/2/2026 19:56:50","9/2/2026 19:56:50"
"1047","179","16/1/2026 07:34:44","9/2/2026 19:56:50","9/2/2026 19:56:50"
"1048","332","16/1/2026 07:39:26","9/2/2026 19:56:50","9/2/2026 19:56:50"
"1049","276","16/1/2026 07:41:17","9/2/2026 19:56:51","9/2/2026 19:56:51"
"1050","50","16/1/2026 07:44:02","9/2/2026 19:56:51","9/2/2026 19:56:51"
"1051","111","16/1/2026 07:44:10","9/2/2026 19:56:51","9/2/2026 19:56:51"
"1052","234","16/1/2026 07:44:23","9/2/2026 19:56:51","9/2/2026 19:56:51"
"1053","162","16/1/2026 07:45:19","9/2/2026 19:56:51","9/2/2026 19:56:51"
"1054","171","16/1/2026 07:45:27","9/2/2026 19:56:51","9/2/2026 19:56:51"
"1055","90","16/1/2026 07:45:41","9/2/2026 19:56:51","9/2/2026 19:56:51"
"1056","101","16/1/2026 07:46:26","9/2/2026 19:56:51","9/2/2026 19:56:51"
"1057","361","16/1/2026 07:48:08","9/2/2026 19:56:51","9/2/2026 19:56:51"
"1058","138","16/1/2026 07:48:17","9/2/2026 19:56:51","9/2/2026 19:56:51"
"1059","80","16/1/2026 07:49:04","9/2/2026 19:56:51","9/2/2026 19:56:51"
"1060","95","16/1/2026 07:49:09","9/2/2026 19:56:51","9/2/2026 19:56:51"
"1061","4","16/1/2026 07:49:22","9/2/2026 19:56:51","9/2/2026 19:56:51"
"1062","84","16/1/2026 07:49:45","9/2/2026 19:56:51","9/2/2026 19:56:51"
"1063","277","16/1/2026 07:50:02","9/2/2026 19:56:51","9/2/2026 19:56:51"
"1064","362","16/1/2026 07:50:55","9/2/2026 19:56:51","9/2/2026 19:56:51"
"1065","32","16/1/2026 07:57:37","9/2/2026 19:56:51","9/2/2026 19:56:51"
"1066","245","16/1/2026 07:58:06","9/2/2026 19:56:51","9/2/2026 19:56:51"
"1067","350","16/1/2026 07:59:05","9/2/2026 19:56:51","9/2/2026 19:56:51"
"1068","42","16/1/2026 07:59:27","9/2/2026 19:56:51","9/2/2026 19:56:51"
"1069","241","16/1/2026 08:00:06","9/2/2026 19:56:51","9/2/2026 19:56:51"
"1070","217","16/1/2026 08:01:51","9/2/2026 19:56:51","9/2/2026 19:56:51"
"1071","37","16/1/2026 08:02:56","9/2/2026 19:56:51","9/2/2026 19:56:51"
"1072","205","16/1/2026 08:03:07","9/2/2026 19:56:51","9/2/2026 19:56:51"
"1073","269","16/1/2026 08:03:17","9/2/2026 19:56:51","9/2/2026 19:56:51"
"1074","44","16/1/2026 08:13:28","9/2/2026 19:56:51","9/2/2026 19:56:51"
"1075","20","16/1/2026 08:13:42","9/2/2026 19:56:51","9/2/2026 19:56:51"
"1076","281","16/1/2026 09:35:21","9/2/2026 19:56:51","9/2/2026 19:56:51"
"1077","254","16/1/2026 10:01:19","9/2/2026 19:56:51","9/2/2026 19:56:51"
"1078","338","16/1/2026 15:01:14","9/2/2026 19:56:51","9/2/2026 19:56:51"
"1079","130","16/1/2026 15:04:00","9/2/2026 19:56:51","9/2/2026 19:56:51"
"1080","351","16/1/2026 15:31:01","9/2/2026 19:56:51","9/2/2026 19:56:51"
"1081","179","16/1/2026 15:32:10","9/2/2026 19:56:51","9/2/2026 19:56:51"
"1082","398","16/1/2026 15:33:13","9/2/2026 19:56:51","9/2/2026 19:56:51"
"1083","263","16/1/2026 15:33:17","9/2/2026 19:56:51","9/2/2026 19:56:51"
"1084","196","16/1/2026 15:37:09","9/2/2026 19:56:51","9/2/2026 19:56:51"
"1085","178","16/1/2026 15:38:24","9/2/2026 19:56:51","9/2/2026 19:56:51"
"1086","403","16/1/2026 15:44:07","9/2/2026 19:56:51","9/2/2026 19:56:51"
"1087","279","16/1/2026 15:55:02","9/2/2026 19:56:51","9/2/2026 19:56:51"
"1088","343","16/1/2026 16:01:03","9/2/2026 19:56:51","9/2/2026 19:56:51"
"1089","169","16/1/2026 16:02:23","9/2/2026 19:56:51","9/2/2026 19:56:51"
"1090","111","16/1/2026 16:03:21","9/2/2026 19:56:51","9/2/2026 19:56:51"
"1091","341","16/1/2026 16:05:41","9/2/2026 19:56:51","9/2/2026 19:56:51"
"1092","122","16/1/2026 16:34:25","9/2/2026 19:56:52","9/2/2026 19:56:52"
"1093","100","16/1/2026 16:55:29","9/2/2026 19:56:52","9/2/2026 19:56:52"
"1094","75","16/1/2026 17:00:51","9/2/2026 19:56:52","9/2/2026 19:56:52"
"1095","116","16/1/2026 17:03:58","9/2/2026 19:56:52","9/2/2026 19:56:52"
"1096","217","16/1/2026 17:13:28","9/2/2026 19:56:52","9/2/2026 19:56:52"
"1097","332","16/1/2026 17:14:05","9/2/2026 19:56:52","9/2/2026 19:56:52"
"1098","125","16/1/2026 17:19:45","9/2/2026 19:56:52","9/2/2026 19:56:52"
"1099","77","16/1/2026 17:22:02","9/2/2026 19:56:52","9/2/2026 19:56:52"
"1100","15","16/1/2026 17:24:04","9/2/2026 19:56:52","9/2/2026 19:56:52"
"1101","127","16/1/2026 17:26:18","9/2/2026 19:56:52","9/2/2026 19:56:52"
"1102","258","16/1/2026 17:32:24","9/2/2026 19:56:52","9/2/2026 19:56:52"
"1103","272","16/1/2026 17:33:18","9/2/2026 19:56:52","9/2/2026 19:56:52"
"1104","115","16/1/2026 17:34:58","9/2/2026 19:56:52","9/2/2026 19:56:52"
"1105","112","16/1/2026 17:37:37","9/2/2026 19:56:52","9/2/2026 19:56:52"
"1106","114","16/1/2026 17:38:33","9/2/2026 19:56:52","9/2/2026 19:56:52"
"1107","114","16/1/2026 17:42:03","9/2/2026 19:56:52","9/2/2026 19:56:52"
"1108","168","16/1/2026 17:44:09","9/2/2026 19:56:52","9/2/2026 19:56:52"
"1109","82","16/1/2026 17:44:14","9/2/2026 19:56:52","9/2/2026 19:56:52"
"1110","92","16/1/2026 17:44:18","9/2/2026 19:56:52","9/2/2026 19:56:52"
"1111","146","16/1/2026 17:52:36","9/2/2026 19:56:52","9/2/2026 19:56:52"
"1112","151","16/1/2026 17:59:04","9/2/2026 19:56:52","9/2/2026 19:56:52"
"1113","118","16/1/2026 18:00:02","9/2/2026 19:56:52","9/2/2026 19:56:52"
"1114","375","16/1/2026 18:00:12","9/2/2026 19:56:52","9/2/2026 19:56:52"
"1115","113","16/1/2026 18:00:26","9/2/2026 19:56:52","9/2/2026 19:56:52"
"1116","69","16/1/2026 18:00:37","9/2/2026 19:56:52","9/2/2026 19:56:52"
"1117","109","16/1/2026 18:00:49","9/2/2026 19:56:52","9/2/2026 19:56:52"
"1118","141","16/1/2026 18:00:52","9/2/2026 19:56:52","9/2/2026 19:56:52"
"1119","60","16/1/2026 18:00:56","9/2/2026 19:56:52","9/2/2026 19:56:52"
"1120","183","16/1/2026 18:01:13","9/2/2026 19:56:52","9/2/2026 19:56:52"
"1121","73","16/1/2026 18:01:54","9/2/2026 19:56:52","9/2/2026 19:56:52"
"1122","131","16/1/2026 18:02:35","9/2/2026 19:56:52","9/2/2026 19:56:52"
"1123","66","16/1/2026 18:02:43","9/2/2026 19:56:52","9/2/2026 19:56:52"
"1124","61","16/1/2026 18:03:11","9/2/2026 19:56:52","9/2/2026 19:56:52"
"1125","74","16/1/2026 18:04:46","9/2/2026 19:56:52","9/2/2026 19:56:52"
"1126","50","16/1/2026 18:11:21","9/2/2026 19:56:52","9/2/2026 19:56:52"
"1127","68","16/1/2026 18:14:37","9/2/2026 19:56:53","9/2/2026 19:56:53"
"1128","163","16/1/2026 18:14:44","9/2/2026 19:56:53","9/2/2026 19:56:53"
"1129","319","17/1/2026 02:52:23","9/2/2026 19:56:53","9/2/2026 19:56:53"
"1130","39","17/1/2026 05:39:21","9/2/2026 19:56:53","9/2/2026 19:56:53"
"1131","290","17/1/2026 05:46:48","9/2/2026 19:56:53","9/2/2026 19:56:53"
"1132","268","17/1/2026 05:59:56","9/2/2026 19:56:53","9/2/2026 19:56:53"
"1133","248","17/1/2026 06:00:03","9/2/2026 19:56:53","9/2/2026 19:56:53"
"1134","389","17/1/2026 06:02:04","9/2/2026 19:56:53","9/2/2026 19:56:53"
"1135","255","17/1/2026 06:03:04","9/2/2026 19:56:53","9/2/2026 19:56:53"
"1136","89","17/1/2026 06:09:37","9/2/2026 19:56:53","9/2/2026 19:56:53"
"1137","7","17/1/2026 06:19:57","9/2/2026 19:56:53","9/2/2026 19:56:53"
"1138","185","17/1/2026 06:21:49","9/2/2026 19:56:53","9/2/2026 19:56:53"
"1139","140","17/1/2026 06:22:18","9/2/2026 19:56:53","9/2/2026 19:56:53"
"1140","139","17/1/2026 06:24:33","9/2/2026 19:56:53","9/2/2026 19:56:53"
"1141","148","17/1/2026 06:25:52","9/2/2026 19:56:53","9/2/2026 19:56:53"
"1142","329","17/1/2026 06:27:26","9/2/2026 19:56:53","9/2/2026 19:56:53"
"1143","204","17/1/2026 06:29:51","9/2/2026 19:56:53","9/2/2026 19:56:53"
"1144","24","17/1/2026 06:40:58","9/2/2026 19:56:53","9/2/2026 19:56:53"
"1145","129","17/1/2026 06:44:55","9/2/2026 19:56:53","9/2/2026 19:56:53"
"1146","218","17/1/2026 06:45:52","9/2/2026 19:56:53","9/2/2026 19:56:53"
"1147","25","17/1/2026 06:46:36","9/2/2026 19:56:53","9/2/2026 19:56:53"
"1148","172","17/1/2026 06:46:40","9/2/2026 19:56:53","9/2/2026 19:56:53"
"1149","233","17/1/2026 06:50:21","9/2/2026 19:56:53","9/2/2026 19:56:53"
"1150","347","17/1/2026 06:50:29","9/2/2026 19:56:53","9/2/2026 19:56:53"
"1151","70","17/1/2026 06:53:54","9/2/2026 19:56:53","9/2/2026 19:56:53"
"1152","21","17/1/2026 06:57:11","9/2/2026 19:56:53","9/2/2026 19:56:53"
"1153","10","17/1/2026 06:57:40","9/2/2026 19:56:53","9/2/2026 19:56:53"
"1154","164","17/1/2026 06:58:46","9/2/2026 19:56:53","9/2/2026 19:56:53"
"1155","136","17/1/2026 07:09:48","9/2/2026 19:56:53","9/2/2026 19:56:53"
"1156","71","17/1/2026 07:13:33","9/2/2026 19:56:53","9/2/2026 19:56:53"
"1157","310","17/1/2026 07:13:53","9/2/2026 19:56:53","9/2/2026 19:56:53"
"1158","175","17/1/2026 07:20:55","9/2/2026 19:56:53","9/2/2026 19:56:53"
"1159","153","17/1/2026 07:27:06","9/2/2026 19:56:53","9/2/2026 19:56:53"
"1160","100","17/1/2026 07:29:46","9/2/2026 19:56:53","9/2/2026 19:56:53"
"1161","92","17/1/2026 07:29:53","9/2/2026 19:56:53","9/2/2026 19:56:53"
"1162","223","17/1/2026 07:30:10","9/2/2026 19:56:53","9/2/2026 19:56:53"
"1163","116","17/1/2026 07:31:00","9/2/2026 19:56:53","9/2/2026 19:56:53"
"1164","115","17/1/2026 07:31:14","9/2/2026 19:56:53","9/2/2026 19:56:53"
"1165","249","17/1/2026 07:32:30","9/2/2026 19:56:53","9/2/2026 19:56:53"
"1166","115","17/1/2026 07:32:46","9/2/2026 19:56:53","9/2/2026 19:56:53"
"1167","122","17/1/2026 07:34:25","9/2/2026 19:56:53","9/2/2026 19:56:53"
"1168","258","17/1/2026 07:34:28","9/2/2026 19:56:53","9/2/2026 19:56:53"
"1169","114","17/1/2026 07:35:08","9/2/2026 19:56:54","9/2/2026 19:56:54"
"1170","168","17/1/2026 07:37:03","9/2/2026 19:56:54","9/2/2026 19:56:54"
"1171","82","17/1/2026 07:37:06","9/2/2026 19:56:54","9/2/2026 19:56:54"
"1172","77","17/1/2026 07:37:42","9/2/2026 19:56:54","9/2/2026 19:56:54"
"1173","125","17/1/2026 07:38:16","9/2/2026 19:56:54","9/2/2026 19:56:54"
"1174","151","17/1/2026 07:38:19","9/2/2026 19:56:54","9/2/2026 19:56:54"
"1175","316","17/1/2026 07:38:49","9/2/2026 19:56:54","9/2/2026 19:56:54"
"1176","224","17/1/2026 07:39:55","9/2/2026 19:56:54","9/2/2026 19:56:54"
"1177","75","17/1/2026 07:40:15","9/2/2026 19:56:54","9/2/2026 19:56:54"
"1178","112","17/1/2026 07:40:20","9/2/2026 19:56:54","9/2/2026 19:56:54"
"1179","221","17/1/2026 07:41:51","9/2/2026 19:56:54","9/2/2026 19:56:54"
"1180","214","17/1/2026 07:41:57","9/2/2026 19:56:54","9/2/2026 19:56:54"
"1181","242","17/1/2026 07:42:59","9/2/2026 19:56:54","9/2/2026 19:56:54"
"1182","288","17/1/2026 07:45:37","9/2/2026 19:56:54","9/2/2026 19:56:54"
"1183","23","17/1/2026 07:46:40","9/2/2026 19:56:54","9/2/2026 19:56:54"
"1184","26","17/1/2026 07:47:07","9/2/2026 19:56:54","9/2/2026 19:56:54"
"1185","46","17/1/2026 07:50:20","9/2/2026 19:56:54","9/2/2026 19:56:54"
"1186","127","17/1/2026 07:51:38","9/2/2026 19:56:54","9/2/2026 19:56:54"
"1187","19","17/1/2026 07:55:10","9/2/2026 19:56:54","9/2/2026 19:56:54"
"1188","238","17/1/2026 08:01:08","9/2/2026 19:56:54","9/2/2026 19:56:54"
"1189","17","17/1/2026 08:04:59","9/2/2026 19:56:54","9/2/2026 19:56:54"
"1190","215","17/1/2026 08:08:01","9/2/2026 19:56:54","9/2/2026 19:56:54"
"1191","243","17/1/2026 09:03:40","9/2/2026 19:56:54","9/2/2026 19:56:54"
"1192","206","17/1/2026 09:03:57","9/2/2026 19:56:54","9/2/2026 19:56:54"
"1193","129","17/1/2026 14:36:47","9/2/2026 19:56:54","9/2/2026 19:56:54"
"1194","163","17/1/2026 16:18:04","9/2/2026 19:56:54","9/2/2026 19:56:54"
"1195","375","17/1/2026 16:43:46","9/2/2026 19:56:54","9/2/2026 19:56:54"
"1196","61","17/1/2026 16:53:25","9/2/2026 19:56:54","9/2/2026 19:56:54"
"1197","74","17/1/2026 16:59:24","9/2/2026 19:56:54","9/2/2026 19:56:54"
"1198","73","17/1/2026 17:09:03","9/2/2026 19:56:54","9/2/2026 19:56:54"
"1199","183","17/1/2026 17:13:29","9/2/2026 19:56:54","9/2/2026 19:56:54"
"1200","141","17/1/2026 17:15:27","9/2/2026 19:56:54","9/2/2026 19:56:54"
"1201","66","17/1/2026 17:24:17","9/2/2026 19:56:54","9/2/2026 19:56:54"
"1202","113","17/1/2026 17:26:35","9/2/2026 19:56:54","9/2/2026 19:56:54"
"1203","69","17/1/2026 17:27:40","9/2/2026 19:56:54","9/2/2026 19:56:54"
"1204","105","17/1/2026 17:33:22","9/2/2026 19:56:54","9/2/2026 19:56:54"
"1205","60","17/1/2026 17:35:20","9/2/2026 19:56:54","9/2/2026 19:56:54"
"1206","118","17/1/2026 17:53:59","9/2/2026 19:56:54","9/2/2026 19:56:54"
"1207","148","17/1/2026 18:01:08","9/2/2026 19:56:54","9/2/2026 19:56:54"
"1208","71","17/1/2026 18:01:18","9/2/2026 19:56:54","9/2/2026 19:56:54"
"1209","169","17/1/2026 18:02:12","9/2/2026 19:56:54","9/2/2026 19:56:54"
"1210","292","17/1/2026 18:03:13","9/2/2026 19:56:54","9/2/2026 19:56:54"
"1211","291","17/1/2026 18:03:16","9/2/2026 19:56:54","9/2/2026 19:56:54"
"1212","290","17/1/2026 18:03:45","9/2/2026 19:56:54","9/2/2026 19:56:54"
"1213","109","17/1/2026 18:04:37","9/2/2026 19:56:54","9/2/2026 19:56:54"
"1214","89","17/1/2026 18:04:44","9/2/2026 19:56:54","9/2/2026 19:56:54"
"1215","25","17/1/2026 18:05:12","9/2/2026 19:56:55","9/2/2026 19:56:55"
"1216","164","17/1/2026 18:05:28","9/2/2026 19:56:55","9/2/2026 19:56:55"
"1217","70","17/1/2026 18:06:05","9/2/2026 19:56:55","9/2/2026 19:56:55"
"1218","172","17/1/2026 18:06:23","9/2/2026 19:56:55","9/2/2026 19:56:55"
"1219","139","17/1/2026 18:06:42","9/2/2026 19:56:55","9/2/2026 19:56:55"
"1220","140","17/1/2026 18:07:18","9/2/2026 19:56:55","9/2/2026 19:56:55"
"1221","136","17/1/2026 18:10:17","9/2/2026 19:56:55","9/2/2026 19:56:55"
"1222","118","18/1/2026 05:05:53","9/2/2026 19:56:55","9/2/2026 19:56:55"
"1223","199","18/1/2026 06:03:39","9/2/2026 19:56:55","9/2/2026 19:56:55"
"1224","46","18/1/2026 06:13:16","9/2/2026 19:56:55","9/2/2026 19:56:55"
"1225","223","18/1/2026 06:14:21","9/2/2026 19:56:55","9/2/2026 19:56:55"
"1226","214","18/1/2026 06:15:46","9/2/2026 19:56:55","9/2/2026 19:56:55"
"1227","206","18/1/2026 06:20:47","9/2/2026 19:56:55","9/2/2026 19:56:55"
"1228","224","18/1/2026 06:20:52","9/2/2026 19:56:55","9/2/2026 19:56:55"
"1229","84","18/1/2026 06:20:58","9/2/2026 19:56:55","9/2/2026 19:56:55"
"1230","249","18/1/2026 06:22:00","9/2/2026 19:56:55","9/2/2026 19:56:55"
"1231","26","18/1/2026 06:24:01","9/2/2026 19:56:55","9/2/2026 19:56:55"
"1232","238","18/1/2026 06:31:57","9/2/2026 19:56:55","9/2/2026 19:56:55"
"1233","222","18/1/2026 06:32:10","9/2/2026 19:56:55","9/2/2026 19:56:55"
"1234","242","18/1/2026 06:46:22","9/2/2026 19:56:55","9/2/2026 19:56:55"
"1235","17","18/1/2026 06:47:15","9/2/2026 19:56:55","9/2/2026 19:56:55"
"1236","80","18/1/2026 06:47:40","9/2/2026 19:56:55","9/2/2026 19:56:55"
"1237","327","18/1/2026 06:49:48","9/2/2026 19:56:55","9/2/2026 19:56:55"
"1238","101","18/1/2026 06:52:20","9/2/2026 19:56:55","9/2/2026 19:56:55"
"1239","98","18/1/2026 06:54:54","9/2/2026 19:56:55","9/2/2026 19:56:55"
"1240","221","18/1/2026 06:58:35","9/2/2026 19:56:55","9/2/2026 19:56:55"
"1241","233","18/1/2026 06:59:40","9/2/2026 19:56:55","9/2/2026 19:56:55"
"1242","362","18/1/2026 06:59:48","9/2/2026 19:56:55","9/2/2026 19:56:55"
"1243","138","18/1/2026 07:05:08","9/2/2026 19:56:55","9/2/2026 19:56:55"
"1244","19","18/1/2026 07:07:39","9/2/2026 19:56:55","9/2/2026 19:56:55"
"1245","260","18/1/2026 07:09:06","9/2/2026 19:56:55","9/2/2026 19:56:55"
"1246","4","18/1/2026 07:09:17","9/2/2026 19:56:55","9/2/2026 19:56:55"
"1247","171","18/1/2026 07:10:47","9/2/2026 19:56:55","9/2/2026 19:56:55"
"1248","281","18/1/2026 07:23:51","9/2/2026 19:56:55","9/2/2026 19:56:55"
"1249","95","18/1/2026 07:26:29","9/2/2026 19:56:55","9/2/2026 19:56:55"
"1250","7","18/1/2026 07:29:21","9/2/2026 19:56:55","9/2/2026 19:56:55"
"1251","185","18/1/2026 07:29:28","9/2/2026 19:56:56","9/2/2026 19:56:56"
"1252","21","18/1/2026 07:29:32","9/2/2026 19:56:56","9/2/2026 19:56:56"
"1253","361","18/1/2026 07:29:36","9/2/2026 19:56:56","9/2/2026 19:56:56"
"1254","90","18/1/2026 07:29:43","9/2/2026 19:56:56","9/2/2026 19:56:56"
"1255","128","18/1/2026 07:29:47","9/2/2026 19:56:56","9/2/2026 19:56:56"
"1256","69","18/1/2026 07:29:52","9/2/2026 19:56:56","9/2/2026 19:56:56"
"1257","94","18/1/2026 07:30:00","9/2/2026 19:56:56","9/2/2026 19:56:56"
"1258","141","18/1/2026 07:30:03","9/2/2026 19:56:56","9/2/2026 19:56:56"
"1259","10","18/1/2026 07:30:06","9/2/2026 19:56:56","9/2/2026 19:56:56"
"1260","105","18/1/2026 07:30:19","9/2/2026 19:56:56","9/2/2026 19:56:56"
"1261","74","18/1/2026 07:30:26","9/2/2026 19:56:56","9/2/2026 19:56:56"
"1262","375","18/1/2026 07:30:58","9/2/2026 19:56:56","9/2/2026 19:56:56"
"1263","183","18/1/2026 07:31:02","9/2/2026 19:56:56","9/2/2026 19:56:56"
"1264","169","18/1/2026 07:31:08","9/2/2026 19:56:56","9/2/2026 19:56:56"
"1265","66","18/1/2026 07:31:15","9/2/2026 19:56:56","9/2/2026 19:56:56"
"1266","73","18/1/2026 07:31:39","9/2/2026 19:56:56","9/2/2026 19:56:56"
"1267","109","18/1/2026 07:31:53","9/2/2026 19:56:56","9/2/2026 19:56:56"
"1268","60","18/1/2026 07:32:24","9/2/2026 19:56:56","9/2/2026 19:56:56"
"1269","292","18/1/2026 07:32:51","9/2/2026 19:56:56","9/2/2026 19:56:56"
"1270","291","18/1/2026 07:32:54","9/2/2026 19:56:56","9/2/2026 19:56:56"
"1271","39","18/1/2026 07:32:58","9/2/2026 19:56:56","9/2/2026 19:56:56"
"1272","61","18/1/2026 07:33:31","9/2/2026 19:56:56","9/2/2026 19:56:56"
"1273","163","18/1/2026 07:33:58","9/2/2026 19:56:56","9/2/2026 19:56:56"
"1274","215","18/1/2026 07:34:48","9/2/2026 19:56:56","9/2/2026 19:56:56"
"1275","24","18/1/2026 07:44:18","9/2/2026 19:56:56","9/2/2026 19:56:56"
"1276","248","18/1/2026 07:47:11","9/2/2026 19:56:56","9/2/2026 19:56:56"
"1277","268","18/1/2026 07:47:21","9/2/2026 19:56:56","9/2/2026 19:56:56"
"1278","204","18/1/2026 07:47:30","9/2/2026 19:56:56","9/2/2026 19:56:56"
"1279","255","18/1/2026 07:47:34","9/2/2026 19:56:56","9/2/2026 19:56:56"
"1280","113","18/1/2026 07:48:54","9/2/2026 19:56:56","9/2/2026 19:56:56"
"1281","175","18/1/2026 07:49:39","9/2/2026 19:56:56","9/2/2026 19:56:56"
"1282","310","18/1/2026 08:03:50","9/2/2026 19:56:56","9/2/2026 19:56:56"
"1283","243","18/1/2026 10:00:27","9/2/2026 19:56:56","9/2/2026 19:56:56"
"1284","290","18/1/2026 14:44:12","9/2/2026 19:56:56","9/2/2026 19:56:56"
"1285","148","18/1/2026 15:50:52","9/2/2026 19:56:56","9/2/2026 19:56:56"
"1286","119","18/1/2026 15:54:31","9/2/2026 19:56:56","9/2/2026 19:56:56"
"1287","319","18/1/2026 16:09:01","9/2/2026 19:56:56","9/2/2026 19:56:56"
"1288","140","18/1/2026 16:33:18","9/2/2026 19:56:56","9/2/2026 19:56:56"
"1289","139","18/1/2026 16:51:34","9/2/2026 19:56:56","9/2/2026 19:56:56"
"1290","70","18/1/2026 17:02:33","9/2/2026 19:56:56","9/2/2026 19:56:56"
"1291","89","18/1/2026 17:10:56","9/2/2026 19:56:56","9/2/2026 19:56:56"
"1292","129","18/1/2026 17:11:04","9/2/2026 19:56:56","9/2/2026 19:56:56"
"1293","164","18/1/2026 17:27:42","9/2/2026 19:56:56","9/2/2026 19:56:56"
"1294","136","18/1/2026 17:28:24","9/2/2026 19:56:56","9/2/2026 19:56:56"
"1295","172","18/1/2026 17:28:30","9/2/2026 19:56:57","9/2/2026 19:56:57"
"1296","153","18/1/2026 17:28:36","9/2/2026 19:56:57","9/2/2026 19:56:57"
"1297","25","18/1/2026 17:29:43","9/2/2026 19:56:57","9/2/2026 19:56:57"
"1298","71","18/1/2026 17:45:46","9/2/2026 19:56:57","9/2/2026 19:56:57"
"1299","25","18/1/2026 17:52:16","9/2/2026 19:56:57","9/2/2026 19:56:57"
"1300","260","18/1/2026 18:01:09","9/2/2026 19:56:57","9/2/2026 19:56:57"
"1301","362","18/1/2026 18:01:16","9/2/2026 19:56:57","9/2/2026 19:56:57"
"1302","361","18/1/2026 18:02:03","9/2/2026 19:56:57","9/2/2026 19:56:57"
"1303","80","18/1/2026 18:02:11","9/2/2026 19:56:57","9/2/2026 19:56:57"
"1304","138","18/1/2026 18:05:19","9/2/2026 19:56:57","9/2/2026 19:56:57"
"1305","94","18/1/2026 18:07:08","9/2/2026 19:56:57","9/2/2026 19:56:57"
"1306","98","18/1/2026 18:07:29","9/2/2026 19:56:57","9/2/2026 19:56:57"
"1307","95","18/1/2026 18:07:34","9/2/2026 19:56:57","9/2/2026 19:56:57"
"1308","171","18/1/2026 18:07:45","9/2/2026 19:56:57","9/2/2026 19:56:57"
"1309","90","18/1/2026 18:07:53","9/2/2026 19:56:57","9/2/2026 19:56:57"
"1310","4","18/1/2026 18:08:14","9/2/2026 19:56:57","9/2/2026 19:56:57"
"1311","101","18/1/2026 18:10:16","9/2/2026 19:56:57","9/2/2026 19:56:57"
"1312","84","18/1/2026 18:12:08","9/2/2026 19:56:57","9/2/2026 19:56:57"
"1313","128","18/1/2026 18:13:30","9/2/2026 19:56:57","9/2/2026 19:56:57"
"1314","319","19/1/2026 01:57:01","9/2/2026 19:56:57","9/2/2026 19:56:57"
"1315","338","19/1/2026 04:24:34","9/2/2026 19:56:57","9/2/2026 19:56:57"
"1316","122","19/1/2026 04:42:03","9/2/2026 19:56:57","9/2/2026 19:56:57"
"1317","281","19/1/2026 05:14:40","9/2/2026 19:56:57","9/2/2026 19:56:57"
"1318","204","19/1/2026 05:16:03","9/2/2026 19:56:57","9/2/2026 19:56:57"
"1319","248","19/1/2026 05:17:32","9/2/2026 19:56:57","9/2/2026 19:56:57"
"1320","268","19/1/2026 05:17:35","9/2/2026 19:56:57","9/2/2026 19:56:57"
"1321","255","19/1/2026 05:20:42","9/2/2026 19:56:57","9/2/2026 19:56:57"
"1322","175","19/1/2026 05:47:39","9/2/2026 19:56:57","9/2/2026 19:56:57"
"1323","39","19/1/2026 05:48:59","9/2/2026 19:56:57","9/2/2026 19:56:57"
"1324","185","19/1/2026 05:53:56","9/2/2026 19:56:57","9/2/2026 19:56:57"
"1325","350","19/1/2026 05:54:18","9/2/2026 19:56:57","9/2/2026 19:56:57"
"1326","92","19/1/2026 05:56:46","9/2/2026 19:56:57","9/2/2026 19:56:57"
"1327","178","19/1/2026 05:57:23","9/2/2026 19:56:57","9/2/2026 19:56:57"
"1328","215","19/1/2026 06:07:42","9/2/2026 19:56:57","9/2/2026 19:56:57"
"1329","24","19/1/2026 06:21:45","9/2/2026 19:56:57","9/2/2026 19:56:57"
"1330","100","19/1/2026 06:23:52","9/2/2026 19:56:57","9/2/2026 19:56:57"
"1331","130","19/1/2026 06:24:39","9/2/2026 19:56:57","9/2/2026 19:56:57"
"1332","75","19/1/2026 06:29:19","9/2/2026 19:56:57","9/2/2026 19:56:57"
"1333","112","19/1/2026 06:31:44","9/2/2026 19:56:57","9/2/2026 19:56:57"
"1334","398","19/1/2026 06:32:01","9/2/2026 19:56:57","9/2/2026 19:56:57"
"1335","308","19/1/2026 06:32:55","9/2/2026 19:56:57","9/2/2026 19:56:57"
"1336","77","19/1/2026 06:44:07","9/2/2026 19:56:57","9/2/2026 19:56:57"
"1337","146","19/1/2026 06:44:21","9/2/2026 19:56:57","9/2/2026 19:56:57"
"1338","258","19/1/2026 06:46:26","9/2/2026 19:56:58","9/2/2026 19:56:58"
"1339","351","19/1/2026 06:50:12","9/2/2026 19:56:58","9/2/2026 19:56:58"
"1340","127","19/1/2026 06:50:16","9/2/2026 19:56:58","9/2/2026 19:56:58"
"1341","116","19/1/2026 06:50:21","9/2/2026 19:56:58","9/2/2026 19:56:58"
"1342","10","19/1/2026 06:50:58","9/2/2026 19:56:58","9/2/2026 19:56:58"
"1343","115","19/1/2026 06:52:34","9/2/2026 19:56:58","9/2/2026 19:56:58"
"1344","1","19/1/2026 06:53:00","9/2/2026 19:56:58","9/2/2026 19:56:58"
"1345","329","19/1/2026 06:53:22","9/2/2026 19:56:58","9/2/2026 19:56:58"
"1346","114","19/1/2026 06:54:48","9/2/2026 19:56:58","9/2/2026 19:56:58"
"1347","43","19/1/2026 06:56:20","9/2/2026 19:56:58","9/2/2026 19:56:58"
"1348","21","19/1/2026 06:57:20","9/2/2026 19:56:58","9/2/2026 19:56:58"
"1349","279","19/1/2026 07:00:36","9/2/2026 19:56:58","9/2/2026 19:56:58"
"1350","399","19/1/2026 07:00:44","9/2/2026 19:56:58","9/2/2026 19:56:58"
"1351","360","19/1/2026 07:01:17","9/2/2026 19:56:58","9/2/2026 19:56:58"
"1352","313","19/1/2026 07:07:44","9/2/2026 19:56:58","9/2/2026 19:56:58"
"1353","196","19/1/2026 07:12:56","9/2/2026 19:56:58","9/2/2026 19:56:58"
"1354","272","19/1/2026 07:13:47","9/2/2026 19:56:58","9/2/2026 19:56:58"
"1355","82","19/1/2026 07:15:21","9/2/2026 19:56:58","9/2/2026 19:56:58"
"1356","347","19/1/2026 07:15:58","9/2/2026 19:56:58","9/2/2026 19:56:58"
"1357","208","19/1/2026 07:16:07","9/2/2026 19:56:58","9/2/2026 19:56:58"
"1358","263","19/1/2026 07:17:09","9/2/2026 19:56:58","9/2/2026 19:56:58"
"1359","168","19/1/2026 07:17:20","9/2/2026 19:56:58","9/2/2026 19:56:58"
"1360","50","19/1/2026 07:18:44","9/2/2026 19:56:58","9/2/2026 19:56:58"
"1361","310","19/1/2026 07:19:52","9/2/2026 19:56:58","9/2/2026 19:56:58"
"1362","217","19/1/2026 07:21:34","9/2/2026 19:56:58","9/2/2026 19:56:58"
"1363","403","19/1/2026 07:23:11","9/2/2026 19:56:58","9/2/2026 19:56:58"
"1364","151","19/1/2026 07:25:16","9/2/2026 19:56:58","9/2/2026 19:56:58"
"1365","83","19/1/2026 07:27:03","9/2/2026 19:56:58","9/2/2026 19:56:58"
"1366","315","19/1/2026 07:27:08","9/2/2026 19:56:58","9/2/2026 19:56:58"
"1367","276","19/1/2026 07:28:24","9/2/2026 19:56:58","9/2/2026 19:56:58"
"1368","179","19/1/2026 07:30:49","9/2/2026 19:56:58","9/2/2026 19:56:58"
"1369","401","19/1/2026 07:30:54","9/2/2026 19:56:58","9/2/2026 19:56:58"
"1370","314","19/1/2026 07:30:57","9/2/2026 19:56:58","9/2/2026 19:56:58"
"1371","119","19/1/2026 07:31:14","9/2/2026 19:56:59","9/2/2026 19:56:59"
"1372","148","19/1/2026 07:31:20","9/2/2026 19:56:59","9/2/2026 19:56:59"
"1373","172","19/1/2026 07:31:27","9/2/2026 19:56:59","9/2/2026 19:56:59"
"1374","341","19/1/2026 07:32:36","9/2/2026 19:56:59","9/2/2026 19:56:59"
"1375","332","19/1/2026 07:34:05","9/2/2026 19:56:59","9/2/2026 19:56:59"
"1376","224","19/1/2026 07:34:23","9/2/2026 19:56:59","9/2/2026 19:56:59"
"1377","15","19/1/2026 07:34:59","9/2/2026 19:56:59","9/2/2026 19:56:59"
"1378","223","19/1/2026 07:36:29","9/2/2026 19:56:59","9/2/2026 19:56:59"
"1379","214","19/1/2026 07:38:25","9/2/2026 19:56:59","9/2/2026 19:56:59"
"1380","164","19/1/2026 07:39:04","9/2/2026 19:56:59","9/2/2026 19:56:59"
"1381","139","19/1/2026 07:41:31","9/2/2026 19:56:59","9/2/2026 19:56:59"
"1382","89","19/1/2026 07:43:18","9/2/2026 19:56:59","9/2/2026 19:56:59"
"1383","153","19/1/2026 07:43:22","9/2/2026 19:56:59","9/2/2026 19:56:59"
"1384","70","19/1/2026 07:45:06","9/2/2026 19:56:59","9/2/2026 19:56:59"
"1385","316","19/1/2026 07:45:30","9/2/2026 19:56:59","9/2/2026 19:56:59"
"1386","111","19/1/2026 07:45:47","9/2/2026 19:56:59","9/2/2026 19:56:59"
"1387","140","19/1/2026 07:46:05","9/2/2026 19:56:59","9/2/2026 19:56:59"
"1388","71","19/1/2026 07:46:16","9/2/2026 19:56:59","9/2/2026 19:56:59"
"1389","288","19/1/2026 07:48:02","9/2/2026 19:56:59","9/2/2026 19:56:59"
"1390","136","19/1/2026 07:52:38","9/2/2026 19:56:59","9/2/2026 19:56:59"
"1391","233","19/1/2026 07:59:10","9/2/2026 19:56:59","9/2/2026 19:56:59"
"1392","46","19/1/2026 08:00:47","9/2/2026 19:56:59","9/2/2026 19:56:59"
"1393","242","19/1/2026 08:01:34","9/2/2026 19:56:59","9/2/2026 19:56:59"
"1394","222","19/1/2026 08:02:03","9/2/2026 19:56:59","9/2/2026 19:56:59"
"1395","26","19/1/2026 08:04:28","9/2/2026 19:56:59","9/2/2026 19:56:59"
"1396","221","19/1/2026 08:05:05","9/2/2026 19:56:59","9/2/2026 19:56:59"
"1397","199","19/1/2026 08:05:24","9/2/2026 19:56:59","9/2/2026 19:56:59"
"1398","238","19/1/2026 08:06:51","9/2/2026 19:56:59","9/2/2026 19:56:59"
"1399","17","19/1/2026 08:13:00","9/2/2026 19:56:59","9/2/2026 19:56:59"
"1400","19","19/1/2026 08:13:35","9/2/2026 19:56:59","9/2/2026 19:56:59"
"1401","206","19/1/2026 08:37:07","9/2/2026 19:56:59","9/2/2026 19:56:59"
"1402","327","19/1/2026 08:54:23","9/2/2026 19:56:59","9/2/2026 19:56:59"
"1403","303","19/1/2026 09:12:19","9/2/2026 19:56:59","9/2/2026 19:56:59"
"1404","243","19/1/2026 09:49:11","9/2/2026 19:56:59","9/2/2026 19:56:59"
"1405","116","19/1/2026 14:01:22","9/2/2026 19:56:59","9/2/2026 19:56:59"
"1406","130","19/1/2026 15:02:25","9/2/2026 19:56:59","9/2/2026 19:56:59"
"1407","338","19/1/2026 15:02:32","9/2/2026 19:56:59","9/2/2026 19:56:59"
"1408","157","19/1/2026 15:30:32","9/2/2026 19:56:59","9/2/2026 19:56:59"
"1409","398","19/1/2026 15:30:43","9/2/2026 19:56:59","9/2/2026 19:56:59"
"1410","263","19/1/2026 15:30:46","9/2/2026 19:56:59","9/2/2026 19:56:59"
"1411","351","19/1/2026 15:30:55","9/2/2026 19:56:59","9/2/2026 19:56:59"
"1412","196","19/1/2026 15:31:40","9/2/2026 19:56:59","9/2/2026 19:56:59"
"1413","179","19/1/2026 15:33:30","9/2/2026 19:56:59","9/2/2026 19:56:59"
"1414","178","19/1/2026 15:33:34","9/2/2026 19:56:59","9/2/2026 19:56:59"
"1415","399","19/1/2026 15:35:49","9/2/2026 19:56:59","9/2/2026 19:56:59"
"1416","83","19/1/2026 15:36:18","9/2/2026 19:56:59","9/2/2026 19:56:59"
"1417","314","19/1/2026 15:38:28","9/2/2026 19:57:00","9/2/2026 19:57:00"
"1418","401","19/1/2026 15:41:29","9/2/2026 19:57:00","9/2/2026 19:57:00"
"1419","403","19/1/2026 15:43:51","9/2/2026 19:57:00","9/2/2026 19:57:00"
"1420","279","19/1/2026 15:59:07","9/2/2026 19:57:00","9/2/2026 19:57:00"
"1421","111","19/1/2026 16:01:42","9/2/2026 19:57:00","9/2/2026 19:57:00"
"1422","341","19/1/2026 16:03:42","9/2/2026 19:57:00","9/2/2026 19:57:00"
"1423","154","19/1/2026 16:04:53","9/2/2026 19:57:00","9/2/2026 19:57:00"
"1424","258","19/1/2026 16:08:57","9/2/2026 19:57:00","9/2/2026 19:57:00"
"1425","84","19/1/2026 16:23:42","9/2/2026 19:57:00","9/2/2026 19:57:00"
"1426","80","19/1/2026 16:26:22","9/2/2026 19:57:00","9/2/2026 19:57:00"
"1427","313","19/1/2026 16:36:49","9/2/2026 19:57:00","9/2/2026 19:57:00"
"1428","138","19/1/2026 17:08:27","9/2/2026 19:57:00","9/2/2026 19:57:00"
"1429","272","19/1/2026 17:18:29","9/2/2026 19:57:00","9/2/2026 19:57:00"
"1430","171","19/1/2026 17:19:01","9/2/2026 19:57:00","9/2/2026 19:57:00"
"1431","101","19/1/2026 17:19:34","9/2/2026 19:57:00","9/2/2026 19:57:00"
"1432","4","19/1/2026 17:22:09","9/2/2026 19:57:00","9/2/2026 19:57:00"
"1433","95","19/1/2026 17:25:57","9/2/2026 19:57:00","9/2/2026 19:57:00"
"1434","147","19/1/2026 17:29:43","9/2/2026 19:57:00","9/2/2026 19:57:00"
"1435","362","19/1/2026 17:31:57","9/2/2026 19:57:00","9/2/2026 19:57:00"
"1436","159","19/1/2026 17:37:30","9/2/2026 19:57:00","9/2/2026 19:57:00"
"1437","98","19/1/2026 17:43:12","9/2/2026 19:57:00","9/2/2026 19:57:00"
"1438","94","19/1/2026 17:44:00","9/2/2026 19:57:00","9/2/2026 19:57:00"
"1439","128","19/1/2026 17:46:02","9/2/2026 19:57:00","9/2/2026 19:57:00"
"1440","162","19/1/2026 17:54:53","9/2/2026 19:57:00","9/2/2026 19:57:00"
"1441","260","19/1/2026 17:57:43","9/2/2026 19:57:00","9/2/2026 19:57:00"
"1442","75","19/1/2026 18:01:26","9/2/2026 19:57:00","9/2/2026 19:57:00"
"1443","361","19/1/2026 18:03:19","9/2/2026 19:57:01","9/2/2026 19:57:01"
"1444","92","19/1/2026 18:03:25","9/2/2026 19:57:01","9/2/2026 19:57:01"
"1445","77","19/1/2026 18:04:03","9/2/2026 19:57:01","9/2/2026 19:57:01"
"1446","114","19/1/2026 18:04:20","9/2/2026 19:57:01","9/2/2026 19:57:01"
"1447","151","19/1/2026 18:06:25","9/2/2026 19:57:01","9/2/2026 19:57:01"
"1448","112","19/1/2026 18:06:31","9/2/2026 19:57:01","9/2/2026 19:57:01"
"1449","100","19/1/2026 18:06:47","9/2/2026 19:57:01","9/2/2026 19:57:01"
"1450","122","19/1/2026 18:07:25","9/2/2026 19:57:01","9/2/2026 19:57:01"
"1451","127","19/1/2026 18:10:16","9/2/2026 19:57:01","9/2/2026 19:57:01"
"1452","332","19/1/2026 22:51:07","9/2/2026 19:57:01","9/2/2026 19:57:01"
"1453","217","19/1/2026 23:38:53","9/2/2026 19:57:01","9/2/2026 19:57:01"
"1454","15","19/1/2026 23:39:04","9/2/2026 19:57:01","9/2/2026 19:57:01"
"1455","338","20/1/2026 04:24:19","9/2/2026 19:57:01","9/2/2026 19:57:01"
"1456","234","20/1/2026 05:24:57","9/2/2026 19:57:01","9/2/2026 19:57:01"
"1457","205","20/1/2026 05:27:30","9/2/2026 19:57:01","9/2/2026 19:57:01"
"1458","178","20/1/2026 05:42:53","9/2/2026 19:57:01","9/2/2026 19:57:01"
"1459","245","20/1/2026 05:43:27","9/2/2026 19:57:01","9/2/2026 19:57:01"
"1460","111","20/1/2026 05:47:04","9/2/2026 19:57:01","9/2/2026 19:57:01"
"1461","56","20/1/2026 05:53:20","9/2/2026 19:57:01","9/2/2026 19:57:01"
"1462","73","20/1/2026 05:55:29","9/2/2026 19:57:01","9/2/2026 19:57:01"
"1463","61","20/1/2026 06:13:34","9/2/2026 19:57:01","9/2/2026 19:57:01"
"1464","375","20/1/2026 06:14:26","9/2/2026 19:57:01","9/2/2026 19:57:01"
"1465","37","20/1/2026 06:18:30","9/2/2026 19:57:01","9/2/2026 19:57:01"
"1466","58","20/1/2026 06:20:05","9/2/2026 19:57:01","9/2/2026 19:57:01"
"1467","32","20/1/2026 06:22:02","9/2/2026 19:57:01","9/2/2026 19:57:01"
"1468","366","20/1/2026 06:22:51","9/2/2026 19:57:01","9/2/2026 19:57:01"
"1469","130","20/1/2026 06:22:57","9/2/2026 19:57:01","9/2/2026 19:57:01"
"1470","163","20/1/2026 06:27:36","9/2/2026 19:57:01","9/2/2026 19:57:01"
"1471","219","20/1/2026 06:31:20","9/2/2026 19:57:01","9/2/2026 19:57:01"
"1472","169","20/1/2026 06:32:03","9/2/2026 19:57:01","9/2/2026 19:57:01"
"1473","7","20/1/2026 06:40:04","9/2/2026 19:57:01","9/2/2026 19:57:01"
"1474","398","20/1/2026 06:43:50","9/2/2026 19:57:01","9/2/2026 19:57:01"
"1475","141","20/1/2026 06:45:05","9/2/2026 19:57:01","9/2/2026 19:57:01"
"1476","42","20/1/2026 06:45:16","9/2/2026 19:57:01","9/2/2026 19:57:01"
"1477","74","20/1/2026 06:46:22","9/2/2026 19:57:01","9/2/2026 19:57:01"
"1478","66","20/1/2026 06:46:26","9/2/2026 19:57:01","9/2/2026 19:57:01"
"1479","183","20/1/2026 06:48:50","9/2/2026 19:57:01","9/2/2026 19:57:01"
"1480","279","20/1/2026 06:52:34","9/2/2026 19:57:01","9/2/2026 19:57:01"
"1481","401","20/1/2026 06:52:42","9/2/2026 19:57:01","9/2/2026 19:57:01"
"1482","314","20/1/2026 06:52:45","9/2/2026 19:57:01","9/2/2026 19:57:01"
"1483","272","20/1/2026 06:56:53","9/2/2026 19:57:01","9/2/2026 19:57:01"
"1484","60","20/1/2026 06:57:46","9/2/2026 19:57:01","9/2/2026 19:57:01"
"1485","109","20/1/2026 06:57:54","9/2/2026 19:57:01","9/2/2026 19:57:01"
"1486","269","20/1/2026 06:59:47","9/2/2026 19:57:01","9/2/2026 19:57:01"
"1487","403","20/1/2026 07:01:52","9/2/2026 19:57:01","9/2/2026 19:57:01"
"1488","351","20/1/2026 07:04:44","9/2/2026 19:57:01","9/2/2026 19:57:01"
"1489","105","20/1/2026 07:11:19","9/2/2026 19:57:01","9/2/2026 19:57:01"
"1490","69","20/1/2026 07:13:57","9/2/2026 19:57:01","9/2/2026 19:57:01"
"1491","118","20/1/2026 07:14:03","9/2/2026 19:57:02","9/2/2026 19:57:02"
"1492","113","20/1/2026 07:15:57","9/2/2026 19:57:02","9/2/2026 19:57:02"
"1493","196","20/1/2026 07:17:23","9/2/2026 19:57:02","9/2/2026 19:57:02"
"1494","313","20/1/2026 07:21:52","9/2/2026 19:57:02","9/2/2026 19:57:02"
"1495","157","20/1/2026 07:25:06","9/2/2026 19:57:02","9/2/2026 19:57:02"
"1496","341","20/1/2026 07:25:53","9/2/2026 19:57:02","9/2/2026 19:57:02"
"1497","399","20/1/2026 07:29:00","9/2/2026 19:57:02","9/2/2026 19:57:02"
"1498","138","20/1/2026 07:29:05","9/2/2026 19:57:02","9/2/2026 19:57:02"
"1499","98","20/1/2026 07:30:03","9/2/2026 19:57:02","9/2/2026 19:57:02"
"1500","21","20/1/2026 07:30:07","9/2/2026 19:57:02","9/2/2026 19:57:02"
"1501","347","20/1/2026 07:30:13","9/2/2026 19:57:02","9/2/2026 19:57:02"
"1502","4","20/1/2026 07:30:19","9/2/2026 19:57:02","9/2/2026 19:57:02"
"1503","179","20/1/2026 07:30:31","9/2/2026 19:57:02","9/2/2026 19:57:02"
"1504","95","20/1/2026 07:30:37","9/2/2026 19:57:02","9/2/2026 19:57:02"
"1505","101","20/1/2026 07:30:54","9/2/2026 19:57:02","9/2/2026 19:57:02"
"1506","147","20/1/2026 07:32:07","9/2/2026 19:57:02","9/2/2026 19:57:02"
"1507","159","20/1/2026 07:33:17","9/2/2026 19:57:02","9/2/2026 19:57:02"
"1508","90","20/1/2026 07:33:26","9/2/2026 19:57:02","9/2/2026 19:57:02"
"1509","162","20/1/2026 07:33:40","9/2/2026 19:57:02","9/2/2026 19:57:02"
"1510","171","20/1/2026 07:33:52","9/2/2026 19:57:02","9/2/2026 19:57:02"
"1511","94","20/1/2026 07:34:38","9/2/2026 19:57:02","9/2/2026 19:57:02"
"1512","362","20/1/2026 07:35:22","9/2/2026 19:57:02","9/2/2026 19:57:02"
"1513","84","20/1/2026 07:36:47","9/2/2026 19:57:02","9/2/2026 19:57:02"
"1514","277","20/1/2026 07:37:43","9/2/2026 19:57:02","9/2/2026 19:57:02"
"1515","332","20/1/2026 07:37:50","9/2/2026 19:57:02","9/2/2026 19:57:02"
"1516","276","20/1/2026 07:40:38","9/2/2026 19:57:02","9/2/2026 19:57:02"
"1517","361","20/1/2026 07:40:48","9/2/2026 19:57:02","9/2/2026 19:57:02"
"1518","80","20/1/2026 07:41:46","9/2/2026 19:57:02","9/2/2026 19:57:02"
"1519","361","20/1/2026 07:41:52","9/2/2026 19:57:02","9/2/2026 19:57:02"
"1520","350","20/1/2026 07:43:14","9/2/2026 19:57:02","9/2/2026 19:57:02"
"1521","217","20/1/2026 07:44:23","9/2/2026 19:57:02","9/2/2026 19:57:02"
"1522","175","20/1/2026 07:50:43","9/2/2026 19:57:02","9/2/2026 19:57:02"
"1523","215","20/1/2026 07:51:25","9/2/2026 19:57:02","9/2/2026 19:57:02"
"1524","10","20/1/2026 07:51:40","9/2/2026 19:57:02","9/2/2026 19:57:02"
"1525","39","20/1/2026 07:52:35","9/2/2026 19:57:02","9/2/2026 19:57:02"
"1526","15","20/1/2026 07:55:07","9/2/2026 19:57:02","9/2/2026 19:57:02"
"1527","24","20/1/2026 07:55:21","9/2/2026 19:57:02","9/2/2026 19:57:02"
"1528","268","20/1/2026 07:55:58","9/2/2026 19:57:02","9/2/2026 19:57:02"
"1529","255","20/1/2026 07:56:03","9/2/2026 19:57:02","9/2/2026 19:57:02"
"1530","248","20/1/2026 07:56:15","9/2/2026 19:57:02","9/2/2026 19:57:02"
"1531","204","20/1/2026 08:07:11","9/2/2026 19:57:02","9/2/2026 19:57:02"
"1532","310","20/1/2026 08:18:32","9/2/2026 19:57:03","9/2/2026 19:57:03"
"1533","208","20/1/2026 09:24:45","9/2/2026 19:57:03","9/2/2026 19:57:03"
"1534","178","20/1/2026 09:30:28","9/2/2026 19:57:03","9/2/2026 19:57:03"
"1535","243","20/1/2026 10:00:57","9/2/2026 19:57:03","9/2/2026 19:57:03"
"1536","319","20/1/2026 11:38:39","9/2/2026 19:57:03","9/2/2026 19:57:03"
"1537","241","20/1/2026 13:58:32","9/2/2026 19:57:03","9/2/2026 19:57:03"
"1538","338","20/1/2026 14:59:34","9/2/2026 19:57:03","9/2/2026 19:57:03"
"1539","130","20/1/2026 15:08:00","9/2/2026 19:57:03","9/2/2026 19:57:03"
"1540","157","20/1/2026 15:30:14","9/2/2026 19:57:03","9/2/2026 19:57:03"
"1541","398","20/1/2026 15:30:23","9/2/2026 19:57:03","9/2/2026 19:57:03"
"1542","263","20/1/2026 15:30:30","9/2/2026 19:57:03","9/2/2026 19:57:03"
"1543","351","20/1/2026 15:30:54","9/2/2026 19:57:03","9/2/2026 19:57:03"
"1544","401","20/1/2026 15:34:12","9/2/2026 19:57:03","9/2/2026 19:57:03"
"1545","314","20/1/2026 15:34:16","9/2/2026 19:57:03","9/2/2026 19:57:03"
"1546","179","20/1/2026 15:35:01","9/2/2026 19:57:03","9/2/2026 19:57:03"
"1547","196","20/1/2026 15:35:32","9/2/2026 19:57:03","9/2/2026 19:57:03"
"1548","313","20/1/2026 15:39:18","9/2/2026 19:57:03","9/2/2026 19:57:03"
"1549","403","20/1/2026 15:48:22","9/2/2026 19:57:03","9/2/2026 19:57:03"
"1550","399","20/1/2026 15:49:45","9/2/2026 19:57:03","9/2/2026 19:57:03"
"1551","111","20/1/2026 16:00:04","9/2/2026 19:57:03","9/2/2026 19:57:03"
"1552","279","20/1/2026 16:00:17","9/2/2026 19:57:03","9/2/2026 19:57:03"
"1553","341","20/1/2026 16:05:09","9/2/2026 19:57:03","9/2/2026 19:57:03"
"1554","122","20/1/2026 16:25:23","9/2/2026 19:57:03","9/2/2026 19:57:03"
"1555","75","20/1/2026 16:32:28","9/2/2026 19:57:03","9/2/2026 19:57:03"
"1556","116","20/1/2026 16:35:20","9/2/2026 19:57:03","9/2/2026 19:57:03"
"1557","114","20/1/2026 16:45:45","9/2/2026 19:57:03","9/2/2026 19:57:03"
"1558","100","20/1/2026 16:56:28","9/2/2026 19:57:03","9/2/2026 19:57:03"
"1559","92","20/1/2026 17:02:37","9/2/2026 19:57:03","9/2/2026 19:57:03"
"1560","332","20/1/2026 17:03:34","9/2/2026 19:57:03","9/2/2026 19:57:03"
"1561","217","20/1/2026 17:06:47","9/2/2026 19:57:03","9/2/2026 19:57:03"
"1562","125","20/1/2026 17:23:30","9/2/2026 19:57:03","9/2/2026 19:57:03"
"1563","112","20/1/2026 17:25:56","9/2/2026 19:57:03","9/2/2026 19:57:03"
"1564","77","20/1/2026 17:26:30","9/2/2026 19:57:03","9/2/2026 19:57:03"
"1565","360","20/1/2026 17:33:42","9/2/2026 19:57:03","9/2/2026 19:57:03"
"1566","276","20/1/2026 17:40:57","9/2/2026 19:57:03","9/2/2026 19:57:03"
"1567","151","20/1/2026 17:45:18","9/2/2026 19:57:03","9/2/2026 19:57:03"
"1568","168","20/1/2026 17:55:04","9/2/2026 19:57:03","9/2/2026 19:57:03"
"1569","82","20/1/2026 17:55:08","9/2/2026 19:57:03","9/2/2026 19:57:03"
"1570","127","20/1/2026 17:56:41","9/2/2026 19:57:03","9/2/2026 19:57:03"
"1571","118","20/1/2026 18:00:06","9/2/2026 19:57:03","9/2/2026 19:57:03"
"1572","183","20/1/2026 18:00:13","9/2/2026 19:57:03","9/2/2026 19:57:03"
"1573","141","20/1/2026 18:00:18","9/2/2026 19:57:03","9/2/2026 19:57:03"
"1574","73","20/1/2026 18:00:23","9/2/2026 19:57:03","9/2/2026 19:57:03"
"1575","109","20/1/2026 18:00:38","9/2/2026 19:57:03","9/2/2026 19:57:03"
"1576","74","20/1/2026 18:00:44","9/2/2026 19:57:03","9/2/2026 19:57:03"
"1577","69","20/1/2026 18:01:08","9/2/2026 19:57:03","9/2/2026 19:57:03"
"1578","105","20/1/2026 18:01:25","9/2/2026 19:57:03","9/2/2026 19:57:03"
"1579","375","20/1/2026 18:01:36","9/2/2026 19:57:03","9/2/2026 19:57:03"
"1580","169","20/1/2026 18:01:45","9/2/2026 19:57:03","9/2/2026 19:57:03"
"1581","61","20/1/2026 18:02:15","9/2/2026 19:57:03","9/2/2026 19:57:03"
"1582","60","20/1/2026 18:03:50","9/2/2026 19:57:03","9/2/2026 19:57:03"
"1583","66","20/1/2026 18:03:54","9/2/2026 19:57:03","9/2/2026 19:57:03"
"1584","163","20/1/2026 18:05:32","9/2/2026 19:57:03","9/2/2026 19:57:03"
"1585","113","20/1/2026 18:25:49","9/2/2026 19:57:03","9/2/2026 19:57:03"
"1586","319","21/1/2026 01:45:10","9/2/2026 19:57:04","9/2/2026 19:57:04"
"1587","338","21/1/2026 04:04:35","9/2/2026 19:57:04","9/2/2026 19:57:04"
"1588","290","21/1/2026 04:40:47","9/2/2026 19:57:04","9/2/2026 19:57:04"
"1589","268","21/1/2026 05:13:14","9/2/2026 19:57:04","9/2/2026 19:57:04"
"1590","164","21/1/2026 05:17:16","9/2/2026 19:57:04","9/2/2026 19:57:04"
"1591","255","21/1/2026 05:17:31","9/2/2026 19:57:04","9/2/2026 19:57:04"
"1592","204","21/1/2026 05:47:45","9/2/2026 19:57:04","9/2/2026 19:57:04"
"1593","39","21/1/2026 05:48:49","9/2/2026 19:57:04","9/2/2026 19:57:04"
"1594","350","21/1/2026 05:57:41","9/2/2026 19:57:04","9/2/2026 19:57:04"
"1595","175","21/1/2026 06:02:26","9/2/2026 19:57:04","9/2/2026 19:57:04"
"1596","139","21/1/2026 06:14:18","9/2/2026 19:57:04","9/2/2026 19:57:04"
"1597","24","21/1/2026 06:18:48","9/2/2026 19:57:04","9/2/2026 19:57:04"
"1598","89","21/1/2026 06:19:49","9/2/2026 19:57:04","9/2/2026 19:57:04"
"1599","140","21/1/2026 06:19:55","9/2/2026 19:57:04","9/2/2026 19:57:04"
"1600","185","21/1/2026 06:26:27","9/2/2026 19:57:04","9/2/2026 19:57:04"
"1601","148","21/1/2026 06:35:49","9/2/2026 19:57:04","9/2/2026 19:57:04"
"1602","119","21/1/2026 06:35:57","9/2/2026 19:57:04","9/2/2026 19:57:04"
"1603","51","21/1/2026 06:36:04","9/2/2026 19:57:04","9/2/2026 19:57:04"
"1604","136","21/1/2026 06:46:52","9/2/2026 19:57:05","9/2/2026 19:57:05"
"1605","172","21/1/2026 06:46:58","9/2/2026 19:57:05","9/2/2026 19:57:05"
"1606","25","21/1/2026 06:47:04","9/2/2026 19:57:05","9/2/2026 19:57:05"
"1607","70","21/1/2026 06:47:11","9/2/2026 19:57:05","9/2/2026 19:57:05"
"1608","153","21/1/2026 06:50:38","9/2/2026 19:57:05","9/2/2026 19:57:05"
"1609","129","21/1/2026 06:51:16","9/2/2026 19:57:05","9/2/2026 19:57:05"
"1610","398","21/1/2026 06:51:20","9/2/2026 19:57:05","9/2/2026 19:57:05"
"1611","314","21/1/2026 06:56:31","9/2/2026 19:57:05","9/2/2026 19:57:05"
"1612","401","21/1/2026 06:56:35","9/2/2026 19:57:05","9/2/2026 19:57:05"
"1613","10","21/1/2026 06:58:04","9/2/2026 19:57:05","9/2/2026 19:57:05"
"1614","21","21/1/2026 06:58:36","9/2/2026 19:57:05","9/2/2026 19:57:05"
"1615","279","21/1/2026 06:59:19","9/2/2026 19:57:05","9/2/2026 19:57:05"
"1616","403","21/1/2026 07:02:46","9/2/2026 19:57:05","9/2/2026 19:57:05"
"1617","347","21/1/2026 07:04:22","9/2/2026 19:57:05","9/2/2026 19:57:05"
"1618","313","21/1/2026 07:10:28","9/2/2026 19:57:05","9/2/2026 19:57:05"
"1619","196","21/1/2026 07:10:36","9/2/2026 19:57:05","9/2/2026 19:57:05"
"1620","104","21/1/2026 07:11:15","9/2/2026 19:57:05","9/2/2026 19:57:05"
"1621","310","21/1/2026 07:12:57","9/2/2026 19:57:05","9/2/2026 19:57:05"
"1622","71","21/1/2026 07:13:03","9/2/2026 19:57:05","9/2/2026 19:57:05"
"1623","153","21/1/2026 07:13:15","9/2/2026 19:57:05","9/2/2026 19:57:05"
"1624","15","21/1/2026 07:20:14","9/2/2026 19:57:05","9/2/2026 19:57:05"
"1625","399","21/1/2026 07:23:31","9/2/2026 19:57:05","9/2/2026 19:57:05"
"1626","341","21/1/2026 07:24:06","9/2/2026 19:57:05","9/2/2026 19:57:05"
"1627","276","21/1/2026 07:24:15","9/2/2026 19:57:05","9/2/2026 19:57:05"
"1628","43","21/1/2026 07:24:18","9/2/2026 19:57:05","9/2/2026 19:57:05"
"1629","208","21/1/2026 07:24:22","9/2/2026 19:57:05","9/2/2026 19:57:05"
"1630","179","21/1/2026 07:26:06","9/2/2026 19:57:05","9/2/2026 19:57:05"
"1631","83","21/1/2026 07:26:32","9/2/2026 19:57:05","9/2/2026 19:57:05"
"1632","157","21/1/2026 07:28:44","9/2/2026 19:57:05","9/2/2026 19:57:05"
"1633","315","21/1/2026 07:28:47","9/2/2026 19:57:05","9/2/2026 19:57:05"
"1634","332","21/1/2026 07:30:50","9/2/2026 19:57:05","9/2/2026 19:57:05"
"1635","125","21/1/2026 07:32:00","9/2/2026 19:57:05","9/2/2026 19:57:05"
"1636","116","21/1/2026 07:32:23","9/2/2026 19:57:05","9/2/2026 19:57:05"
"1637","360","21/1/2026 07:33:13","9/2/2026 19:57:05","9/2/2026 19:57:05"
"1638","219","21/1/2026 07:34:30","9/2/2026 19:57:05","9/2/2026 19:57:05"
"1639","122","21/1/2026 07:35:20","9/2/2026 19:57:05","9/2/2026 19:57:05"
"1640","100","21/1/2026 07:35:26","9/2/2026 19:57:05","9/2/2026 19:57:05"
"1641","32","21/1/2026 07:39:36","9/2/2026 19:57:06","9/2/2026 19:57:06"
"1642","112","21/1/2026 07:39:44","9/2/2026 19:57:06","9/2/2026 19:57:06"
"1643","114","21/1/2026 07:39:49","9/2/2026 19:57:06","9/2/2026 19:57:06"
"1644","258","21/1/2026 07:40:44","9/2/2026 19:57:06","9/2/2026 19:57:06"
"1645","217","21/1/2026 07:40:56","9/2/2026 19:57:06","9/2/2026 19:57:06"
"1646","7","21/1/2026 07:41:13","9/2/2026 19:57:06","9/2/2026 19:57:06"
"1647","111","21/1/2026 07:42:06","9/2/2026 19:57:06","9/2/2026 19:57:06"
"1648","241","21/1/2026 07:43:40","9/2/2026 19:57:06","9/2/2026 19:57:06"
"1649","212","21/1/2026 07:43:48","9/2/2026 19:57:06","9/2/2026 19:57:06"
"1650","37","21/1/2026 07:44:00","9/2/2026 19:57:06","9/2/2026 19:57:06"
"1651","23","21/1/2026 07:46:51","9/2/2026 19:57:06","9/2/2026 19:57:06"
"1652","75","21/1/2026 07:48:08","9/2/2026 19:57:06","9/2/2026 19:57:06"
"1653","209","21/1/2026 07:49:09","9/2/2026 19:57:06","9/2/2026 19:57:06"
"1654","205","21/1/2026 07:49:20","9/2/2026 19:57:06","9/2/2026 19:57:06"
"1655","44","21/1/2026 07:51:40","9/2/2026 19:57:06","9/2/2026 19:57:06"
"1656","127","21/1/2026 07:56:17","9/2/2026 19:57:06","9/2/2026 19:57:06"
"1657","245","21/1/2026 07:57:40","9/2/2026 19:57:06","9/2/2026 19:57:06"
"1658","50","21/1/2026 07:59:45","9/2/2026 19:57:06","9/2/2026 19:57:06"
"1659","154","21/1/2026 08:06:31","9/2/2026 19:57:06","9/2/2026 19:57:06"
"1660","269","21/1/2026 08:12:16","9/2/2026 19:57:06","9/2/2026 19:57:06"
"1661","140","21/1/2026 08:17:34","9/2/2026 19:57:06","9/2/2026 19:57:06"
"1662","272","21/1/2026 08:19:34","9/2/2026 19:57:06","9/2/2026 19:57:06"
"1663","58","21/1/2026 08:47:26","9/2/2026 19:57:06","9/2/2026 19:57:06"
"1664","351","21/1/2026 09:23:00","9/2/2026 19:57:06","9/2/2026 19:57:06"
"1665","243","21/1/2026 10:00:12","9/2/2026 19:57:06","9/2/2026 19:57:06"
"1666","254","21/1/2026 10:02:05","9/2/2026 19:57:06","9/2/2026 19:57:06"
"1667","234","21/1/2026 10:05:07","9/2/2026 19:57:06","9/2/2026 19:57:06"
"1668","338","21/1/2026 14:58:18","9/2/2026 19:57:06","9/2/2026 19:57:06"
"1669","130","21/1/2026 15:10:38","9/2/2026 19:57:06","9/2/2026 19:57:06"
"1670","398","21/1/2026 15:30:27","9/2/2026 19:57:06","9/2/2026 19:57:06"
"1671","263","21/1/2026 15:30:33","9/2/2026 19:57:06","9/2/2026 19:57:06"
"1672","351","21/1/2026 15:30:41","9/2/2026 19:57:06","9/2/2026 19:57:06"
"1673","196","21/1/2026 15:32:56","9/2/2026 19:57:06","9/2/2026 19:57:06"
"1674","313","21/1/2026 15:33:56","9/2/2026 19:57:06","9/2/2026 19:57:06"
"1675","179","21/1/2026 15:43:22","9/2/2026 19:57:06","9/2/2026 19:57:06"
"1676","403","21/1/2026 15:55:39","9/2/2026 19:57:06","9/2/2026 19:57:06"
"1677","279","21/1/2026 16:00:57","9/2/2026 19:57:06","9/2/2026 19:57:06"
"1678","341","21/1/2026 16:02:38","9/2/2026 19:57:06","9/2/2026 19:57:06"
"1679","343","21/1/2026 16:03:32","9/2/2026 19:57:06","9/2/2026 19:57:06"
"1680","111","21/1/2026 16:04:09","9/2/2026 19:57:06","9/2/2026 19:57:06"
"1681","154","21/1/2026 16:04:29","9/2/2026 19:57:06","9/2/2026 19:57:06"
"1682","163","21/1/2026 16:09:11","9/2/2026 19:57:06","9/2/2026 19:57:06"
"1683","375","21/1/2026 16:46:26","9/2/2026 19:57:06","9/2/2026 19:57:06"
"1684","61","21/1/2026 17:00:55","9/2/2026 19:57:06","9/2/2026 19:57:06"
"1685","60","21/1/2026 17:07:39","9/2/2026 19:57:06","9/2/2026 19:57:06"
"1686","332","21/1/2026 17:07:48","9/2/2026 19:57:06","9/2/2026 19:57:06"
"1687","217","21/1/2026 17:07:51","9/2/2026 19:57:06","9/2/2026 19:57:06"
"1688","73","21/1/2026 17:08:00","9/2/2026 19:57:06","9/2/2026 19:57:06"
"1689","50","21/1/2026 17:09:29","9/2/2026 19:57:06","9/2/2026 19:57:06"
"1690","1","21/1/2026 17:25:05","9/2/2026 19:57:07","9/2/2026 19:57:07"
"1691","118","21/1/2026 17:26:27","9/2/2026 19:57:07","9/2/2026 19:57:07"
"1692","113","21/1/2026 17:29:59","9/2/2026 19:57:07","9/2/2026 19:57:07"
"1693","105","21/1/2026 17:36:16","9/2/2026 19:57:07","9/2/2026 19:57:07"
"1694","66","21/1/2026 17:36:22","9/2/2026 19:57:07","9/2/2026 19:57:07"
"1695","169","21/1/2026 17:39:51","9/2/2026 19:57:07","9/2/2026 19:57:07"
"1696","15","21/1/2026 17:42:35","9/2/2026 19:57:07","9/2/2026 19:57:07"
"1697","69","21/1/2026 17:44:33","9/2/2026 19:57:07","9/2/2026 19:57:07"
"1698","109","21/1/2026 17:46:42","9/2/2026 19:57:07","9/2/2026 19:57:07"
"1699","141","21/1/2026 17:47:10","9/2/2026 19:57:07","9/2/2026 19:57:07"
"1700","183","21/1/2026 17:47:43","9/2/2026 19:57:07","9/2/2026 19:57:07"
"1701","74","21/1/2026 17:47:54","9/2/2026 19:57:07","9/2/2026 19:57:07"
"1702","25","21/1/2026 18:00:33","9/2/2026 19:57:07","9/2/2026 19:57:07"
"1703","119","21/1/2026 18:01:03","9/2/2026 19:57:07","9/2/2026 19:57:07"
"1704","148","21/1/2026 18:01:14","9/2/2026 19:57:07","9/2/2026 19:57:07"
"1705","89","21/1/2026 18:01:20","9/2/2026 19:57:07","9/2/2026 19:57:07"
"1706","172","21/1/2026 18:01:23","9/2/2026 19:57:07","9/2/2026 19:57:07"
"1707","136","21/1/2026 18:01:40","9/2/2026 19:57:07","9/2/2026 19:57:07"
"1708","164","21/1/2026 18:02:46","9/2/2026 19:57:07","9/2/2026 19:57:07"
"1709","292","21/1/2026 18:03:09","9/2/2026 19:57:07","9/2/2026 19:57:07"
"1710","104","21/1/2026 18:03:17","9/2/2026 19:57:07","9/2/2026 19:57:07"
"1711","290","21/1/2026 18:03:49","9/2/2026 19:57:07","9/2/2026 19:57:07"
"1712","71","21/1/2026 18:04:43","9/2/2026 19:57:07","9/2/2026 19:57:07"
"1713","70","21/1/2026 18:06:37","9/2/2026 19:57:07","9/2/2026 19:57:07"
"1714","153","21/1/2026 18:06:42","9/2/2026 19:57:07","9/2/2026 19:57:07"
"1715","129","21/1/2026 18:07:21","9/2/2026 19:57:07","9/2/2026 19:57:07"
"1716","139","21/1/2026 18:07:48","9/2/2026 19:57:07","9/2/2026 19:57:07"
"1717","396","21/1/2026 18:16:10","9/2/2026 19:57:07","9/2/2026 19:57:07"
"1718","317","22/1/2026 05:32:31","9/2/2026 19:57:07","9/2/2026 19:57:07"
"1719","205","22/1/2026 05:32:58","9/2/2026 19:57:07","9/2/2026 19:57:07"
"1720","38","22/1/2026 05:36:53","9/2/2026 19:57:07","9/2/2026 19:57:07"
"1721","245","22/1/2026 05:49:13","9/2/2026 19:57:07","9/2/2026 19:57:07"
"1722","234","22/1/2026 05:56:23","9/2/2026 19:57:07","9/2/2026 19:57:07"
"1723","111","22/1/2026 06:04:40","9/2/2026 19:57:07","9/2/2026 19:57:07"
"1724","56","22/1/2026 06:07:14","9/2/2026 19:57:07","9/2/2026 19:57:07"
"1725","20","22/1/2026 06:07:32","9/2/2026 19:57:07","9/2/2026 19:57:07"
"1726","80","22/1/2026 06:09:16","9/2/2026 19:57:07","9/2/2026 19:57:07"
"1727","58","22/1/2026 06:09:22","9/2/2026 19:57:07","9/2/2026 19:57:07"
"1728","338","22/1/2026 06:10:46","9/2/2026 19:57:07","9/2/2026 19:57:07"
"1729","171","22/1/2026 06:14:33","9/2/2026 19:57:07","9/2/2026 19:57:07"
"1730","84","22/1/2026 06:16:15","9/2/2026 19:57:07","9/2/2026 19:57:07"
"1731","7","22/1/2026 06:17:45","9/2/2026 19:57:07","9/2/2026 19:57:07"
"1732","32","22/1/2026 06:19:08","9/2/2026 19:57:07","9/2/2026 19:57:07"
"1733","4","22/1/2026 06:26:14","9/2/2026 19:57:07","9/2/2026 19:57:07"
"1734","130","22/1/2026 06:31:21","9/2/2026 19:57:07","9/2/2026 19:57:07"
"1735","42","22/1/2026 06:34:42","9/2/2026 19:57:07","9/2/2026 19:57:07"
"1736","219","22/1/2026 06:40:37","9/2/2026 19:57:07","9/2/2026 19:57:07"
"1737","272","22/1/2026 06:40:56","9/2/2026 19:57:07","9/2/2026 19:57:07"
"1738","403","22/1/2026 06:50:18","9/2/2026 19:57:07","9/2/2026 19:57:07"
"1739","7","22/1/2026 06:50:47","9/2/2026 19:57:07","9/2/2026 19:57:07"
"1740","138","22/1/2026 06:53:09","9/2/2026 19:57:07","9/2/2026 19:57:07"
"1741","362","22/1/2026 06:54:54","9/2/2026 19:57:07","9/2/2026 19:57:07"
"1742","241","22/1/2026 06:58:27","9/2/2026 19:57:07","9/2/2026 19:57:07"
"1743","366","22/1/2026 06:58:39","9/2/2026 19:57:07","9/2/2026 19:57:07"
"1744","398","22/1/2026 06:59:07","9/2/2026 19:57:08","9/2/2026 19:57:08"
"1745","279","22/1/2026 07:00:03","9/2/2026 19:57:08","9/2/2026 19:57:08"
"1746","268","22/1/2026 07:02:21","9/2/2026 19:57:08","9/2/2026 19:57:08"
"1747","269","22/1/2026 07:02:46","9/2/2026 19:57:08","9/2/2026 19:57:08"
"1748","98","22/1/2026 07:02:57","9/2/2026 19:57:08","9/2/2026 19:57:08"
"1749","94","22/1/2026 07:06:42","9/2/2026 19:57:08","9/2/2026 19:57:08"
"1750","361","22/1/2026 07:08:31","9/2/2026 19:57:08","9/2/2026 19:57:08"
"1751","313","22/1/2026 07:17:48","9/2/2026 19:57:08","9/2/2026 19:57:08"
"1752","15","22/1/2026 07:21:27","9/2/2026 19:57:08","9/2/2026 19:57:08"
"1753","1","22/1/2026 07:21:46","9/2/2026 19:57:08","9/2/2026 19:57:08"
"1754","128","22/1/2026 07:23:27","9/2/2026 19:57:08","9/2/2026 19:57:08"
"1755","157","22/1/2026 07:23:46","9/2/2026 19:57:08","9/2/2026 19:57:08"
"1756","351","22/1/2026 07:24:24","9/2/2026 19:57:08","9/2/2026 19:57:08"
"1757","101","22/1/2026 07:26:13","9/2/2026 19:57:08","9/2/2026 19:57:08"
"1758","341","22/1/2026 07:26:32","9/2/2026 19:57:08","9/2/2026 19:57:08"
"1759","74","22/1/2026 07:26:43","9/2/2026 19:57:08","9/2/2026 19:57:08"
"1760","39","22/1/2026 07:29:13","9/2/2026 19:57:08","9/2/2026 19:57:08"
"1761","21","22/1/2026 07:30:02","9/2/2026 19:57:08","9/2/2026 19:57:08"
"1762","169","22/1/2026 07:30:05","9/2/2026 19:57:08","9/2/2026 19:57:08"
"1763","375","22/1/2026 07:30:09","9/2/2026 19:57:08","9/2/2026 19:57:08"
"1764","141","22/1/2026 07:30:16","9/2/2026 19:57:08","9/2/2026 19:57:08"
"1765","118","22/1/2026 07:30:20","9/2/2026 19:57:08","9/2/2026 19:57:08"
"1766","74","22/1/2026 07:30:23","9/2/2026 19:57:08","9/2/2026 19:57:08"
"1767","73","22/1/2026 07:30:37","9/2/2026 19:57:08","9/2/2026 19:57:08"
"1768","109","22/1/2026 07:30:57","9/2/2026 19:57:08","9/2/2026 19:57:08"
"1769","196","22/1/2026 07:31:05","9/2/2026 19:57:08","9/2/2026 19:57:08"
"1770","51","22/1/2026 07:31:16","9/2/2026 19:57:08","9/2/2026 19:57:08"
"1771","69","22/1/2026 07:32:15","9/2/2026 19:57:08","9/2/2026 19:57:08"
"1772","60","22/1/2026 07:32:20","9/2/2026 19:57:08","9/2/2026 19:57:08"
"1773","105","22/1/2026 07:32:43","9/2/2026 19:57:08","9/2/2026 19:57:08"
"1774","183","22/1/2026 07:32:56","9/2/2026 19:57:08","9/2/2026 19:57:08"
"1775","350","22/1/2026 07:33:05","9/2/2026 19:57:09","9/2/2026 19:57:09"
"1776","10","22/1/2026 07:33:22","9/2/2026 19:57:09","9/2/2026 19:57:09"
"1777","329","22/1/2026 07:33:26","9/2/2026 19:57:09","9/2/2026 19:57:09"
"1778","163","22/1/2026 07:33:55","9/2/2026 19:57:09","9/2/2026 19:57:09"
"1779","179","22/1/2026 07:35:57","9/2/2026 19:57:09","9/2/2026 19:57:09"
"1780","212","22/1/2026 07:36:30","9/2/2026 19:57:09","9/2/2026 19:57:09"
"1781","61","22/1/2026 07:36:42","9/2/2026 19:57:09","9/2/2026 19:57:09"
"1782","204","22/1/2026 07:39:37","9/2/2026 19:57:09","9/2/2026 19:57:09"
"1783","175","22/1/2026 07:40:41","9/2/2026 19:57:09","9/2/2026 19:57:09"
"1784","217","22/1/2026 07:42:25","9/2/2026 19:57:09","9/2/2026 19:57:09"
"1785","24","22/1/2026 07:45:13","9/2/2026 19:57:09","9/2/2026 19:57:09"
"1786","347","22/1/2026 07:45:19","9/2/2026 19:57:09","9/2/2026 19:57:09"
"1787","185","22/1/2026 07:47:13","9/2/2026 19:57:09","9/2/2026 19:57:09"
"1788","399","22/1/2026 07:47:48","9/2/2026 19:57:09","9/2/2026 19:57:09"
"1789","332","22/1/2026 07:49:27","9/2/2026 19:57:09","9/2/2026 19:57:09"
"1790","113","22/1/2026 07:57:17","9/2/2026 19:57:09","9/2/2026 19:57:09"
"1791","208","22/1/2026 08:18:28","9/2/2026 19:57:09","9/2/2026 19:57:09"
"1792","310","22/1/2026 08:44:20","9/2/2026 19:57:09","9/2/2026 19:57:09"
"1793","254","22/1/2026 09:58:39","9/2/2026 19:57:09","9/2/2026 19:57:09"
"1794","243","22/1/2026 10:02:09","9/2/2026 19:57:09","9/2/2026 19:57:09"
"1795","179","22/1/2026 13:02:17","9/2/2026 19:57:09","9/2/2026 19:57:09"
"1796","290","22/1/2026 14:39:01","9/2/2026 19:57:09","9/2/2026 19:57:09"
"1797","338","22/1/2026 14:59:12","9/2/2026 19:57:09","9/2/2026 19:57:09"
"1798","130","22/1/2026 15:07:08","9/2/2026 19:57:09","9/2/2026 19:57:09"
"1799","351","22/1/2026 15:32:57","9/2/2026 19:57:09","9/2/2026 19:57:09"
"1800","403","22/1/2026 15:35:17","9/2/2026 19:57:09","9/2/2026 19:57:09"
"1801","196","22/1/2026 15:36:35","9/2/2026 19:57:09","9/2/2026 19:57:09"
"1802","279","22/1/2026 16:00:09","9/2/2026 19:57:09","9/2/2026 19:57:09"
"1803","148","22/1/2026 16:02:07","9/2/2026 19:57:09","9/2/2026 19:57:09"
"1804","119","22/1/2026 16:02:18","9/2/2026 19:57:09","9/2/2026 19:57:09"
"1805","111","22/1/2026 16:02:25","9/2/2026 19:57:09","9/2/2026 19:57:09"
"1806","343","22/1/2026 16:05:06","9/2/2026 19:57:09","9/2/2026 19:57:09"
"1807","341","22/1/2026 16:06:20","9/2/2026 19:57:09","9/2/2026 19:57:09"
"1808","313","22/1/2026 16:14:22","9/2/2026 19:57:09","9/2/2026 19:57:09"
"1809","401","22/1/2026 16:27:34","9/2/2026 19:57:09","9/2/2026 19:57:09"
"1810","89","22/1/2026 16:41:41","9/2/2026 19:57:09","9/2/2026 19:57:09"
"1811","70","22/1/2026 16:43:30","9/2/2026 19:57:09","9/2/2026 19:57:09"
"1812","139","22/1/2026 16:56:48","9/2/2026 19:57:09","9/2/2026 19:57:09"
"1813","25","22/1/2026 17:05:03","9/2/2026 19:57:09","9/2/2026 19:57:09"
"1814","172","22/1/2026 17:05:12","9/2/2026 19:57:10","9/2/2026 19:57:10"
"1815","332","22/1/2026 17:07:20","9/2/2026 19:57:10","9/2/2026 19:57:10"
"1816","217","22/1/2026 17:07:29","9/2/2026 19:57:10","9/2/2026 19:57:10"
"1817","136","22/1/2026 17:26:01","9/2/2026 19:57:10","9/2/2026 19:57:10"
"1818","129","22/1/2026 17:26:12","9/2/2026 19:57:10","9/2/2026 19:57:10"
"1819","212","22/1/2026 17:34:10","9/2/2026 19:57:10","9/2/2026 19:57:10"
"1820","15","22/1/2026 17:34:21","9/2/2026 19:57:10","9/2/2026 19:57:10"
"1821","104","22/1/2026 17:42:46","9/2/2026 19:57:10","9/2/2026 19:57:10"
"1822","50","22/1/2026 17:54:02","9/2/2026 19:57:10","9/2/2026 19:57:10"
"1823","153","22/1/2026 17:56:38","9/2/2026 19:57:10","9/2/2026 19:57:10"
"1824","98","22/1/2026 18:00:14","9/2/2026 19:57:10","9/2/2026 19:57:10"
"1825","362","22/1/2026 18:02:52","9/2/2026 19:57:10","9/2/2026 19:57:10"
"1826","90","22/1/2026 18:04:12","9/2/2026 19:57:10","9/2/2026 19:57:10"
"1827","95","22/1/2026 18:05:22","9/2/2026 19:57:10","9/2/2026 19:57:10"
"1828","138","22/1/2026 18:08:22","9/2/2026 19:57:10","9/2/2026 19:57:10"
"1829","4","22/1/2026 18:09:18","9/2/2026 19:57:10","9/2/2026 19:57:10"
"1830","80","22/1/2026 18:09:44","9/2/2026 19:57:10","9/2/2026 19:57:10"
"1831","101","22/1/2026 18:10:15","9/2/2026 19:57:10","9/2/2026 19:57:10"
"1832","361","22/1/2026 18:10:43","9/2/2026 19:57:10","9/2/2026 19:57:10"
"1833","94","22/1/2026 18:11:06","9/2/2026 19:57:10","9/2/2026 19:57:10"
"1834","128","22/1/2026 18:11:15","9/2/2026 19:57:10","9/2/2026 19:57:10"
"1835","84","22/1/2026 18:14:05","9/2/2026 19:57:10","9/2/2026 19:57:10"
"1836","338","23/1/2026 04:09:39","9/2/2026 19:57:10","9/2/2026 19:57:10"
"1837","343","23/1/2026 05:22:26","9/2/2026 19:57:10","9/2/2026 19:57:10"
"1838","238","23/1/2026 05:27:33","9/2/2026 19:57:10","9/2/2026 19:57:10"
"1839","223","23/1/2026 05:32:53","9/2/2026 19:57:10","9/2/2026 19:57:10"
"1840","199","23/1/2026 05:33:03","9/2/2026 19:57:10","9/2/2026 19:57:10"
"1841","293","23/1/2026 05:33:09","9/2/2026 19:57:10","9/2/2026 19:57:10"
"1842","178","23/1/2026 05:54:49","9/2/2026 19:57:10","9/2/2026 19:57:10"
"1843","316","23/1/2026 06:00:24","9/2/2026 19:57:10","9/2/2026 19:57:10"
"1844","125","23/1/2026 06:02:23","9/2/2026 19:57:10","9/2/2026 19:57:10"
"1845","26","23/1/2026 06:08:08","9/2/2026 19:57:10","9/2/2026 19:57:10"
"1846","242","23/1/2026 06:10:11","9/2/2026 19:57:10","9/2/2026 19:57:10"
"1847","111","23/1/2026 06:11:59","9/2/2026 19:57:10","9/2/2026 19:57:10"
"1848","281","23/1/2026 06:12:55","9/2/2026 19:57:10","9/2/2026 19:57:10"
"1849","122","23/1/2026 06:15:41","9/2/2026 19:57:10","9/2/2026 19:57:10"
"1850","263","23/1/2026 06:15:53","9/2/2026 19:57:10","9/2/2026 19:57:10"
"1851","214","23/1/2026 06:21:09","9/2/2026 19:57:10","9/2/2026 19:57:10"
"1852","47","23/1/2026 06:22:43","9/2/2026 19:57:10","9/2/2026 19:57:10"
"1853","100","23/1/2026 06:23:01","9/2/2026 19:57:10","9/2/2026 19:57:10"
"1854","92","23/1/2026 06:23:05","9/2/2026 19:57:10","9/2/2026 19:57:10"
"1855","130","23/1/2026 06:23:59","9/2/2026 19:57:10","9/2/2026 19:57:10"
"1856","151","23/1/2026 06:24:03","9/2/2026 19:57:10","9/2/2026 19:57:10"
"1857","221","23/1/2026 06:24:33","9/2/2026 19:57:10","9/2/2026 19:57:10"
"1858","222","23/1/2026 06:26:36","9/2/2026 19:57:10","9/2/2026 19:57:10"
"1859","206","23/1/2026 06:28:09","9/2/2026 19:57:10","9/2/2026 19:57:10"
"1860","351","23/1/2026 06:31:50","9/2/2026 19:57:10","9/2/2026 19:57:10"
"1861","146","23/1/2026 06:40:00","9/2/2026 19:57:10","9/2/2026 19:57:10"
"1862","19","23/1/2026 06:41:13","9/2/2026 19:57:10","9/2/2026 19:57:10"
"1863","308","23/1/2026 06:42:43","9/2/2026 19:57:10","9/2/2026 19:57:10"
"1864","75","23/1/2026 06:42:59","9/2/2026 19:57:10","9/2/2026 19:57:10"
"1865","77","23/1/2026 06:43:49","9/2/2026 19:57:10","9/2/2026 19:57:10"
"1866","17","23/1/2026 06:46:05","9/2/2026 19:57:11","9/2/2026 19:57:11"
"1867","258","23/1/2026 06:51:00","9/2/2026 19:57:11","9/2/2026 19:57:11"
"1868","114","23/1/2026 06:52:57","9/2/2026 19:57:11","9/2/2026 19:57:11"
"1869","233","23/1/2026 06:53:58","9/2/2026 19:57:11","9/2/2026 19:57:11"
"1870","398","23/1/2026 06:55:45","9/2/2026 19:57:11","9/2/2026 19:57:11"
"1871","116","23/1/2026 06:56:01","9/2/2026 19:57:11","9/2/2026 19:57:11"
"1872","1","23/1/2026 06:56:45","9/2/2026 19:57:11","9/2/2026 19:57:11"
"1873","224","23/1/2026 06:58:02","9/2/2026 19:57:11","9/2/2026 19:57:11"
"1874","127","23/1/2026 07:03:09","9/2/2026 19:57:11","9/2/2026 19:57:11"
"1875","403","23/1/2026 07:04:58","9/2/2026 19:57:11","9/2/2026 19:57:11"
"1876","249","23/1/2026 07:10:53","9/2/2026 19:57:11","9/2/2026 19:57:11"
"1877","288","23/1/2026 07:11:44","9/2/2026 19:57:11","9/2/2026 19:57:11"
"1878","139","23/1/2026 07:12:22","9/2/2026 19:57:11","9/2/2026 19:57:11"
"1879","360","23/1/2026 07:13:45","9/2/2026 19:57:11","9/2/2026 19:57:11"
"1880","401","23/1/2026 07:13:48","9/2/2026 19:57:11","9/2/2026 19:57:11"
"1881","313","23/1/2026 07:19:20","9/2/2026 19:57:11","9/2/2026 19:57:11"
"1882","15","23/1/2026 07:20:12","9/2/2026 19:57:11","9/2/2026 19:57:11"
"1883","46","23/1/2026 07:25:10","9/2/2026 19:57:11","9/2/2026 19:57:11"
"1884","212","23/1/2026 07:25:15","9/2/2026 19:57:11","9/2/2026 19:57:11"
"1885","332","23/1/2026 07:32:11","9/2/2026 19:57:11","9/2/2026 19:57:11"
"1886","164","23/1/2026 07:32:23","9/2/2026 19:57:11","9/2/2026 19:57:11"
"1887","168","23/1/2026 07:34:28","9/2/2026 19:57:11","9/2/2026 19:57:11"
"1888","82","23/1/2026 07:34:31","9/2/2026 19:57:11","9/2/2026 19:57:11"
"1889","148","23/1/2026 07:36:54","9/2/2026 19:57:11","9/2/2026 19:57:11"
"1890","119","23/1/2026 07:37:03","9/2/2026 19:57:11","9/2/2026 19:57:11"
"1891","196","23/1/2026 07:37:09","9/2/2026 19:57:11","9/2/2026 19:57:11"
"1892","115","23/1/2026 07:38:40","9/2/2026 19:57:11","9/2/2026 19:57:11"
"1893","276","23/1/2026 07:39:07","9/2/2026 19:57:11","9/2/2026 19:57:11"
"1894","341","23/1/2026 07:40:31","9/2/2026 19:57:11","9/2/2026 19:57:11"
"1895","50","23/1/2026 07:40:36","9/2/2026 19:57:11","9/2/2026 19:57:11"
"1896","290","23/1/2026 07:41:16","9/2/2026 19:57:11","9/2/2026 19:57:11"
"1897","217","23/1/2026 07:41:21","9/2/2026 19:57:11","9/2/2026 19:57:11"
"1898","7","23/1/2026 07:42:48","9/2/2026 19:57:11","9/2/2026 19:57:11"
"1899","25","23/1/2026 07:46:53","9/2/2026 19:57:11","9/2/2026 19:57:11"
"1900","172","23/1/2026 07:46:58","9/2/2026 19:57:11","9/2/2026 19:57:11"
"1901","153","23/1/2026 07:49:01","9/2/2026 19:57:11","9/2/2026 19:57:11"
"1902","71","23/1/2026 07:49:11","9/2/2026 19:57:11","9/2/2026 19:57:11"
"1903","129","23/1/2026 07:49:59","9/2/2026 19:57:11","9/2/2026 19:57:11"
"1904","89","23/1/2026 07:50:50","9/2/2026 19:57:11","9/2/2026 19:57:11"
"1905","70","23/1/2026 07:50:54","9/2/2026 19:57:11","9/2/2026 19:57:11"
"1906","37","23/1/2026 07:51:16","9/2/2026 19:57:11","9/2/2026 19:57:11"
"1907","23","23/1/2026 07:56:03","9/2/2026 19:57:11","9/2/2026 19:57:11"
"1908","38","23/1/2026 07:56:13","9/2/2026 19:57:11","9/2/2026 19:57:11"
"1909","279","23/1/2026 07:56:31","9/2/2026 19:57:11","9/2/2026 19:57:11"
"1910","234","23/1/2026 07:57:35","9/2/2026 19:57:11","9/2/2026 19:57:11"
"1911","269","23/1/2026 07:58:03","9/2/2026 19:57:11","9/2/2026 19:57:11"
"1912","209","23/1/2026 07:59:59","9/2/2026 19:57:12","9/2/2026 19:57:12"
"1913","205","23/1/2026 08:00:32","9/2/2026 19:57:12","9/2/2026 19:57:12"
"1914","219","23/1/2026 08:01:11","9/2/2026 19:57:12","9/2/2026 19:57:12"
"1915","20","23/1/2026 08:02:54","9/2/2026 19:57:12","9/2/2026 19:57:12"
"1916","44","23/1/2026 08:03:16","9/2/2026 19:57:12","9/2/2026 19:57:12"
"1917","42","23/1/2026 08:03:25","9/2/2026 19:57:12","9/2/2026 19:57:12"
"1918","58","23/1/2026 08:05:10","9/2/2026 19:57:12","9/2/2026 19:57:12"
"1919","241","23/1/2026 08:06:50","9/2/2026 19:57:12","9/2/2026 19:57:12"
"1920","104","23/1/2026 08:07:22","9/2/2026 19:57:12","9/2/2026 19:57:12"
"1921","245","23/1/2026 08:09:04","9/2/2026 19:57:12","9/2/2026 19:57:12"
"1922","32","23/1/2026 08:09:52","9/2/2026 19:57:12","9/2/2026 19:57:12"
"1923","317","23/1/2026 08:34:06","9/2/2026 19:57:12","9/2/2026 19:57:12"
"1924","272","23/1/2026 08:45:07","9/2/2026 19:57:12","9/2/2026 19:57:12"
"1925","254","23/1/2026 10:58:55","9/2/2026 19:57:12","9/2/2026 19:57:12"
"1926","338","23/1/2026 14:58:33","9/2/2026 19:57:12","9/2/2026 19:57:12"
"1927","130","23/1/2026 15:01:39","9/2/2026 19:57:12","9/2/2026 19:57:12"
"1928","398","23/1/2026 15:30:03","9/2/2026 19:57:12","9/2/2026 19:57:12"
"1929","157","23/1/2026 15:30:10","9/2/2026 19:57:12","9/2/2026 19:57:12"
"1930","351","23/1/2026 15:30:42","9/2/2026 19:57:12","9/2/2026 19:57:12"
"1931","178","23/1/2026 15:31:37","9/2/2026 19:57:12","9/2/2026 19:57:12"
"1932","179","23/1/2026 15:31:42","9/2/2026 19:57:12","9/2/2026 19:57:12"
"1933","403","23/1/2026 15:32:26","9/2/2026 19:57:12","9/2/2026 19:57:12"
"1934","154","23/1/2026 16:02:32","9/2/2026 19:57:12","9/2/2026 19:57:12"
"1935","341","23/1/2026 16:05:37","9/2/2026 19:57:12","9/2/2026 19:57:12"
"1936","343","23/1/2026 16:06:16","9/2/2026 19:57:12","9/2/2026 19:57:12"
"1937","279","23/1/2026 16:06:53","9/2/2026 19:57:12","9/2/2026 19:57:12"
"1938","111","23/1/2026 16:07:29","9/2/2026 19:57:12","9/2/2026 19:57:12"
"1939","313","23/1/2026 16:11:14","9/2/2026 19:57:12","9/2/2026 19:57:12"
"1940","311","23/1/2026 16:11:17","9/2/2026 19:57:12","9/2/2026 19:57:12"
"1941","258","23/1/2026 16:12:04","9/2/2026 19:57:12","9/2/2026 19:57:12"
"1942","84","23/1/2026 16:24:17","9/2/2026 19:57:12","9/2/2026 19:57:12"
"1943","327","23/1/2026 16:36:57","9/2/2026 19:57:12","9/2/2026 19:57:12"
"1944","217","23/1/2026 17:00:32","9/2/2026 19:57:12","9/2/2026 19:57:12"
"1945","332","23/1/2026 17:04:08","9/2/2026 19:57:12","9/2/2026 19:57:12"
"1946","50","23/1/2026 17:06:14","9/2/2026 19:57:12","9/2/2026 19:57:12"
"1947","101","23/1/2026 17:07:31","9/2/2026 19:57:12","9/2/2026 19:57:12"
"1948","98","23/1/2026 17:07:42","9/2/2026 19:57:12","9/2/2026 19:57:12"
"1949","138","23/1/2026 17:10:40","9/2/2026 19:57:12","9/2/2026 19:57:12"
"1950","80","23/1/2026 17:16:05","9/2/2026 19:57:13","9/2/2026 19:57:13"
"1951","212","23/1/2026 17:17:56","9/2/2026 19:57:13","9/2/2026 19:57:13"
"1952","4","23/1/2026 17:19:26","9/2/2026 19:57:13","9/2/2026 19:57:13"
"1953","95","23/1/2026 17:21:56","9/2/2026 19:57:13","9/2/2026 19:57:13"
"1954","15","23/1/2026 17:26:07","9/2/2026 19:57:13","9/2/2026 19:57:13"
"1955","362","23/1/2026 17:29:27","9/2/2026 19:57:13","9/2/2026 19:57:13"
"1956","94","23/1/2026 17:44:21","9/2/2026 19:57:13","9/2/2026 19:57:13"
"1957","260","23/1/2026 17:44:57","9/2/2026 19:57:13","9/2/2026 19:57:13"
"1958","90","23/1/2026 17:45:43","9/2/2026 19:57:13","9/2/2026 19:57:13"
"1959","114","23/1/2026 17:56:19","9/2/2026 19:57:13","9/2/2026 19:57:13"
"1960","361","23/1/2026 17:57:57","9/2/2026 19:57:13","9/2/2026 19:57:13"
"1961","360","23/1/2026 17:58:40","9/2/2026 19:57:13","9/2/2026 19:57:13"
"1962","168","23/1/2026 18:02:58","9/2/2026 19:57:13","9/2/2026 19:57:13"
"1963","82","23/1/2026 18:03:01","9/2/2026 19:57:13","9/2/2026 19:57:13"
"1964","125","23/1/2026 18:03:05","9/2/2026 19:57:13","9/2/2026 19:57:13"
"1965","116","23/1/2026 18:03:10","9/2/2026 19:57:13","9/2/2026 19:57:13"
"1966","146","23/1/2026 18:03:13","9/2/2026 19:57:13","9/2/2026 19:57:13"
"1967","122","23/1/2026 18:03:31","9/2/2026 19:57:13","9/2/2026 19:57:13"
"1968","100","23/1/2026 18:07:10","9/2/2026 19:57:13","9/2/2026 19:57:13"
"1969","92","23/1/2026 18:07:25","9/2/2026 19:57:13","9/2/2026 19:57:13"
"1970","77","23/1/2026 18:07:36","9/2/2026 19:57:13","9/2/2026 19:57:13"
"1971","151","23/1/2026 18:07:49","9/2/2026 19:57:13","9/2/2026 19:57:13"
"1972","115","23/1/2026 18:08:32","9/2/2026 19:57:13","9/2/2026 19:57:13"
"1973","127","23/1/2026 18:12:10","9/2/2026 19:57:13","9/2/2026 19:57:13"
"1974","38","24/1/2026 05:18:04","9/2/2026 19:57:13","9/2/2026 19:57:13"
"1975","7","24/1/2026 06:03:11","9/2/2026 19:57:13","9/2/2026 19:57:13"
"1976","375","24/1/2026 06:03:25","9/2/2026 19:57:13","9/2/2026 19:57:13"
"1977","163","24/1/2026 06:09:38","9/2/2026 19:57:13","9/2/2026 19:57:13"
"1978","366","24/1/2026 06:19:47","9/2/2026 19:57:13","9/2/2026 19:57:13"
"1979","209","24/1/2026 06:22:44","9/2/2026 19:57:13","9/2/2026 19:57:13"
"1980","37","24/1/2026 06:24:14","9/2/2026 19:57:13","9/2/2026 19:57:13"
"1981","317","24/1/2026 06:28:32","9/2/2026 19:57:13","9/2/2026 19:57:13"
"1982","272","24/1/2026 06:29:49","9/2/2026 19:57:13","9/2/2026 19:57:13"
"1983","23","24/1/2026 06:29:58","9/2/2026 19:57:13","9/2/2026 19:57:13"
"1984","32","24/1/2026 06:31:40","9/2/2026 19:57:13","9/2/2026 19:57:13"
"1985","245","24/1/2026 06:39:35","9/2/2026 19:57:13","9/2/2026 19:57:13"
"1986","20","24/1/2026 06:43:29","9/2/2026 19:57:13","9/2/2026 19:57:13"
"1987","61","24/1/2026 06:45:35","9/2/2026 19:57:13","9/2/2026 19:57:13"
"1988","58","24/1/2026 06:47:19","9/2/2026 19:57:13","9/2/2026 19:57:13"
"1989","219","24/1/2026 06:48:43","9/2/2026 19:57:13","9/2/2026 19:57:13"
"1990","183","24/1/2026 06:54:59","9/2/2026 19:57:13","9/2/2026 19:57:13"
"1991","234","24/1/2026 06:55:42","9/2/2026 19:57:13","9/2/2026 19:57:13"
"1992","141","24/1/2026 06:55:49","9/2/2026 19:57:13","9/2/2026 19:57:13"
"1993","109","24/1/2026 06:55:53","9/2/2026 19:57:13","9/2/2026 19:57:13"
"1994","66","24/1/2026 06:59:12","9/2/2026 19:57:13","9/2/2026 19:57:13"
"1995","269","24/1/2026 06:59:18","9/2/2026 19:57:13","9/2/2026 19:57:13"
"1996","42","24/1/2026 06:59:54","9/2/2026 19:57:13","9/2/2026 19:57:13"
"1997","73","24/1/2026 07:05:23","9/2/2026 19:57:13","9/2/2026 19:57:13"
"1998","60","24/1/2026 07:05:45","9/2/2026 19:57:13","9/2/2026 19:57:13"
"1999","74","24/1/2026 07:12:56","9/2/2026 19:57:13","9/2/2026 19:57:13"
"2000","105","24/1/2026 07:13:30","9/2/2026 19:57:13","9/2/2026 19:57:13"
"2001","118","24/1/2026 07:15:31","9/2/2026 19:57:13","9/2/2026 19:57:13"
"2002","69","24/1/2026 07:16:00","9/2/2026 19:57:13","9/2/2026 19:57:13"
"2003","169","24/1/2026 07:16:10","9/2/2026 19:57:13","9/2/2026 19:57:13"
"2004","113","24/1/2026 07:21:49","9/2/2026 19:57:14","9/2/2026 19:57:14"
"2005","260","24/1/2026 07:30:52","9/2/2026 19:57:14","9/2/2026 19:57:14"
"2006","224","24/1/2026 07:31:42","9/2/2026 19:57:14","9/2/2026 19:57:14"
"2007","84","24/1/2026 07:31:51","9/2/2026 19:57:14","9/2/2026 19:57:14"
"2008","4","24/1/2026 07:32:43","9/2/2026 19:57:14","9/2/2026 19:57:14"
"2009","361","24/1/2026 07:33:31","9/2/2026 19:57:14","9/2/2026 19:57:14"
"2010","138","24/1/2026 07:33:49","9/2/2026 19:57:14","9/2/2026 19:57:14"
"2011","101","24/1/2026 07:34:51","9/2/2026 19:57:14","9/2/2026 19:57:14"
"2012","98","24/1/2026 07:34:54","9/2/2026 19:57:14","9/2/2026 19:57:14"
"2013","223","24/1/2026 07:35:49","9/2/2026 19:57:14","9/2/2026 19:57:14"
"2014","362","24/1/2026 07:36:16","9/2/2026 19:57:14","9/2/2026 19:57:14"
"2015","80","24/1/2026 07:36:56","9/2/2026 19:57:14","9/2/2026 19:57:14"
"2016","95","24/1/2026 07:37:18","9/2/2026 19:57:14","9/2/2026 19:57:14"
"2017","94","24/1/2026 07:39:36","9/2/2026 19:57:14","9/2/2026 19:57:14"
"2018","214","24/1/2026 07:40:43","9/2/2026 19:57:14","9/2/2026 19:57:14"
"2019","221","24/1/2026 07:40:49","9/2/2026 19:57:14","9/2/2026 19:57:14"
"2020","238","24/1/2026 07:40:55","9/2/2026 19:57:14","9/2/2026 19:57:14"
"2021","90","24/1/2026 07:41:19","9/2/2026 19:57:14","9/2/2026 19:57:14"
"2022","199","24/1/2026 07:42:11","9/2/2026 19:57:14","9/2/2026 19:57:14"
"2023","17","24/1/2026 07:43:54","9/2/2026 19:57:14","9/2/2026 19:57:14"
"2024","26","24/1/2026 07:44:35","9/2/2026 19:57:14","9/2/2026 19:57:14"
"2025","242","24/1/2026 07:45:22","9/2/2026 19:57:14","9/2/2026 19:57:14"
"2026","46","24/1/2026 07:52:57","9/2/2026 19:57:14","9/2/2026 19:57:14"
"2027","19","24/1/2026 07:58:59","9/2/2026 19:57:14","9/2/2026 19:57:14"
"2028","222","24/1/2026 08:05:33","9/2/2026 19:57:14","9/2/2026 19:57:14"
"2029","206","24/1/2026 08:11:24","9/2/2026 19:57:14","9/2/2026 19:57:14"
"2030","47","24/1/2026 08:12:38","9/2/2026 19:57:14","9/2/2026 19:57:14"
"2031","205","24/1/2026 09:55:09","9/2/2026 19:57:14","9/2/2026 19:57:14"
"2032","92","24/1/2026 16:45:42","9/2/2026 19:57:14","9/2/2026 19:57:14"
"2033","100","24/1/2026 16:46:01","9/2/2026 19:57:14","9/2/2026 19:57:14"
"2034","168","24/1/2026 16:49:49","9/2/2026 19:57:14","9/2/2026 19:57:14"
"2035","82","24/1/2026 16:49:52","9/2/2026 19:57:14","9/2/2026 19:57:14"
"2036","75","24/1/2026 16:50:58","9/2/2026 19:57:14","9/2/2026 19:57:14"
"2037","115","24/1/2026 16:55:49","9/2/2026 19:57:14","9/2/2026 19:57:14"
"2038","116","24/1/2026 16:58:19","9/2/2026 19:57:14","9/2/2026 19:57:14"
"2039","146","24/1/2026 17:10:56","9/2/2026 19:57:14","9/2/2026 19:57:14"
"2040","122","24/1/2026 17:23:18","9/2/2026 19:57:14","9/2/2026 19:57:14"
"2041","112","24/1/2026 17:23:22","9/2/2026 19:57:14","9/2/2026 19:57:14"
"2042","112","24/1/2026 17:24:50","9/2/2026 19:57:14","9/2/2026 19:57:14"
"2043","127","24/1/2026 17:30:07","9/2/2026 19:57:14","9/2/2026 19:57:14"
"2044","77","24/1/2026 17:43:12","9/2/2026 19:57:14","9/2/2026 19:57:14"
"2045","151","24/1/2026 17:51:31","9/2/2026 19:57:14","9/2/2026 19:57:14"
"2046","258","24/1/2026 17:55:15","9/2/2026 19:57:14","9/2/2026 19:57:14"
"2047","73","24/1/2026 18:00:47","9/2/2026 19:57:14","9/2/2026 19:57:14"
"2048","61","24/1/2026 18:00:53","9/2/2026 19:57:14","9/2/2026 19:57:14"
"2049","375","24/1/2026 18:01:15","9/2/2026 19:57:15","9/2/2026 19:57:15"
"2050","183","24/1/2026 18:01:25","9/2/2026 19:57:15","9/2/2026 19:57:15"
"2051","141","24/1/2026 18:01:28","9/2/2026 19:57:15","9/2/2026 19:57:15"
"2052","163","24/1/2026 18:01:31","9/2/2026 19:57:15","9/2/2026 19:57:15"
"2053","109","24/1/2026 18:01:48","9/2/2026 19:57:15","9/2/2026 19:57:15"
"2054","169","24/1/2026 18:01:59","9/2/2026 19:57:15","9/2/2026 19:57:15"
"2055","118","24/1/2026 18:02:34","9/2/2026 19:57:15","9/2/2026 19:57:15"
"2056","69","24/1/2026 18:02:50","9/2/2026 19:57:15","9/2/2026 19:57:15"
"2057","60","24/1/2026 18:03:29","9/2/2026 19:57:15","9/2/2026 19:57:15"
"2058","105","24/1/2026 18:03:39","9/2/2026 19:57:15","9/2/2026 19:57:15"
"2059","74","24/1/2026 18:04:33","9/2/2026 19:57:15","9/2/2026 19:57:15"
"2060","66","24/1/2026 18:07:59","9/2/2026 19:57:15","9/2/2026 19:57:15"
"2061","113","24/1/2026 18:25:14","9/2/2026 19:57:15","9/2/2026 19:57:15"
"2062","303","25/1/2026 05:04:27","9/2/2026 19:57:15","9/2/2026 19:57:15"
"2063","288","25/1/2026 05:26:58","9/2/2026 19:57:15","9/2/2026 19:57:15"
"2064","290","25/1/2026 05:42:18","9/2/2026 19:57:15","9/2/2026 19:57:15"
"2065","164","25/1/2026 05:59:57","9/2/2026 19:57:15","9/2/2026 19:57:15"
"2066","206","25/1/2026 06:04:00","9/2/2026 19:57:15","9/2/2026 19:57:15"
"2067","199","25/1/2026 06:07:29","9/2/2026 19:57:15","9/2/2026 19:57:15"
"2068","293","25/1/2026 06:07:34","9/2/2026 19:57:15","9/2/2026 19:57:15"
"2069","223","25/1/2026 06:08:03","9/2/2026 19:57:15","9/2/2026 19:57:15"
"2070","46","25/1/2026 06:16:09","9/2/2026 19:57:15","9/2/2026 19:57:15"
"2071","214","25/1/2026 06:16:31","9/2/2026 19:57:15","9/2/2026 19:57:15"
"2072","140","25/1/2026 06:16:54","9/2/2026 19:57:15","9/2/2026 19:57:15"
"2073","316","25/1/2026 06:17:49","9/2/2026 19:57:15","9/2/2026 19:57:15"
"2074","26","25/1/2026 06:18:57","9/2/2026 19:57:15","9/2/2026 19:57:15"
"2075","224","25/1/2026 06:19:48","9/2/2026 19:57:16","9/2/2026 19:57:16"
"2076","222","25/1/2026 06:22:19","9/2/2026 19:57:16","9/2/2026 19:57:16"
"2077","221","25/1/2026 06:22:29","9/2/2026 19:57:16","9/2/2026 19:57:16"
"2078","327","25/1/2026 06:30:32","9/2/2026 19:57:16","9/2/2026 19:57:16"
"2079","148","25/1/2026 06:34:03","9/2/2026 19:57:16","9/2/2026 19:57:16"
"2080","119","25/1/2026 06:34:08","9/2/2026 19:57:16","9/2/2026 19:57:16"
"2081","139","25/1/2026 06:34:18","9/2/2026 19:57:16","9/2/2026 19:57:16"
"2082","281","25/1/2026 06:35:24","9/2/2026 19:57:16","9/2/2026 19:57:16"
"2083","249","25/1/2026 06:36:10","9/2/2026 19:57:16","9/2/2026 19:57:16"
"2084","233","25/1/2026 06:43:06","9/2/2026 19:57:16","9/2/2026 19:57:16"
"2085","242","25/1/2026 06:46:38","9/2/2026 19:57:16","9/2/2026 19:57:16"
"2086","153","25/1/2026 06:56:29","9/2/2026 19:57:16","9/2/2026 19:57:16"
"2087","136","25/1/2026 06:58:01","9/2/2026 19:57:16","9/2/2026 19:57:16"
"2088","19","25/1/2026 06:58:14","9/2/2026 19:57:16","9/2/2026 19:57:16"
"2089","17","25/1/2026 07:02:49","9/2/2026 19:57:16","9/2/2026 19:57:16"
"2090","172","25/1/2026 07:04:15","9/2/2026 19:57:16","9/2/2026 19:57:16"
"2091","25","25/1/2026 07:04:57","9/2/2026 19:57:16","9/2/2026 19:57:16"
"2092","129","25/1/2026 07:06:05","9/2/2026 19:57:16","9/2/2026 19:57:16"
"2093","238","25/1/2026 07:18:07","9/2/2026 19:57:16","9/2/2026 19:57:16"
"2094","227","25/1/2026 07:19:01","9/2/2026 19:57:16","9/2/2026 19:57:16"
"2095","71","25/1/2026 07:20:36","9/2/2026 19:57:16","9/2/2026 19:57:16"
"2096","89","25/1/2026 07:22:51","9/2/2026 19:57:16","9/2/2026 19:57:16"
"2097","104","25/1/2026 07:23:10","9/2/2026 19:57:16","9/2/2026 19:57:16"
"2098","70","25/1/2026 07:24:46","9/2/2026 19:57:16","9/2/2026 19:57:16"
"2099","116","25/1/2026 07:30:20","9/2/2026 19:57:16","9/2/2026 19:57:16"
"2100","32","25/1/2026 07:32:02","9/2/2026 19:57:16","9/2/2026 19:57:16"
"2101","7","25/1/2026 07:33:36","9/2/2026 19:57:16","9/2/2026 19:57:16"
"2102","115","25/1/2026 07:34:33","9/2/2026 19:57:16","9/2/2026 19:57:16"
"2103","112","25/1/2026 07:34:41","9/2/2026 19:57:16","9/2/2026 19:57:16"
"2104","75","25/1/2026 07:35:12","9/2/2026 19:57:16","9/2/2026 19:57:16"
"2105","168","25/1/2026 07:35:41","9/2/2026 19:57:16","9/2/2026 19:57:16"
"2106","258","25/1/2026 07:35:50","9/2/2026 19:57:16","9/2/2026 19:57:16"
"2107","82","25/1/2026 07:35:57","9/2/2026 19:57:17","9/2/2026 19:57:17"
"2108","146","25/1/2026 07:36:04","9/2/2026 19:57:17","9/2/2026 19:57:17"
"2109","77","25/1/2026 07:36:23","9/2/2026 19:57:17","9/2/2026 19:57:17"
"2110","122","25/1/2026 07:36:54","9/2/2026 19:57:17","9/2/2026 19:57:17"
"2111","151","25/1/2026 07:37:00","9/2/2026 19:57:17","9/2/2026 19:57:17"
"2112","368","25/1/2026 07:37:25","9/2/2026 19:57:17","9/2/2026 19:57:17"
"2113","92","25/1/2026 07:38:35","9/2/2026 19:57:17","9/2/2026 19:57:17"
"2114","100","25/1/2026 07:38:39","9/2/2026 19:57:17","9/2/2026 19:57:17"
"2115","205","25/1/2026 07:38:51","9/2/2026 19:57:17","9/2/2026 19:57:17"
"2116","127","25/1/2026 07:40:05","9/2/2026 19:57:17","9/2/2026 19:57:17"
"2117","241","25/1/2026 07:42:28","9/2/2026 19:57:17","9/2/2026 19:57:17"
"2118","219","25/1/2026 07:42:42","9/2/2026 19:57:17","9/2/2026 19:57:17"
"2119","37","25/1/2026 07:42:47","9/2/2026 19:57:17","9/2/2026 19:57:17"
"2120","20","25/1/2026 07:42:57","9/2/2026 19:57:17","9/2/2026 19:57:17"
"2121","23","25/1/2026 07:44:35","9/2/2026 19:57:17","9/2/2026 19:57:17"
"2122","209","25/1/2026 07:44:38","9/2/2026 19:57:17","9/2/2026 19:57:17"
"2123","269","25/1/2026 07:46:36","9/2/2026 19:57:17","9/2/2026 19:57:17"
"2124","272","25/1/2026 07:46:44","9/2/2026 19:57:17","9/2/2026 19:57:17"
"2125","44","25/1/2026 07:48:04","9/2/2026 19:57:17","9/2/2026 19:57:17"
"2126","317","25/1/2026 07:50:50","9/2/2026 19:57:17","9/2/2026 19:57:17"
"2127","38","25/1/2026 07:51:22","9/2/2026 19:57:17","9/2/2026 19:57:17"
"2128","245","25/1/2026 07:54:39","9/2/2026 19:57:17","9/2/2026 19:57:17"
"2129","58","25/1/2026 08:00:44","9/2/2026 19:57:17","9/2/2026 19:57:17"
"2130","396","25/1/2026 08:01:52","9/2/2026 19:57:17","9/2/2026 19:57:17"
"2131","375","25/1/2026 16:29:31","9/2/2026 19:57:17","9/2/2026 19:57:17"
"2132","61","25/1/2026 16:45:46","9/2/2026 19:57:17","9/2/2026 19:57:17"
"2133","73","25/1/2026 16:49:56","9/2/2026 19:57:17","9/2/2026 19:57:17"
"2134","163","25/1/2026 16:50:16","9/2/2026 19:57:17","9/2/2026 19:57:17"
"2135","74","25/1/2026 17:02:54","9/2/2026 19:57:17","9/2/2026 19:57:17"
"2136","66","25/1/2026 17:08:17","9/2/2026 19:57:17","9/2/2026 19:57:17"
"2137","69","25/1/2026 17:14:38","9/2/2026 19:57:17","9/2/2026 19:57:17"
"2138","141","25/1/2026 17:17:47","9/2/2026 19:57:17","9/2/2026 19:57:17"
"2139","183","25/1/2026 17:19:09","9/2/2026 19:57:17","9/2/2026 19:57:17"
"2140","109","25/1/2026 17:23:17","9/2/2026 19:57:17","9/2/2026 19:57:17"
"2141","118","25/1/2026 17:26:05","9/2/2026 19:57:17","9/2/2026 19:57:17"
"2142","113","25/1/2026 17:27:51","9/2/2026 19:57:17","9/2/2026 19:57:17"
"2143","169","25/1/2026 17:33:00","9/2/2026 19:57:17","9/2/2026 19:57:17"
"2144","60","25/1/2026 17:45:33","9/2/2026 19:57:17","9/2/2026 19:57:17"
"2145","105","25/1/2026 17:50:12","9/2/2026 19:57:17","9/2/2026 19:57:17"
"2146","172","25/1/2026 18:00:02","9/2/2026 19:57:17","9/2/2026 19:57:17"
"2147","25","25/1/2026 18:00:09","9/2/2026 19:57:17","9/2/2026 19:57:17"
"2148","139","25/1/2026 18:00:16","9/2/2026 19:57:17","9/2/2026 19:57:17"
"2149","148","25/1/2026 18:01:03","9/2/2026 19:57:17","9/2/2026 19:57:17"
"2150","119","25/1/2026 18:01:16","9/2/2026 19:57:17","9/2/2026 19:57:17"
"2151","104","25/1/2026 18:01:26","9/2/2026 19:57:17","9/2/2026 19:57:17"
"2152","89","25/1/2026 18:04:17","9/2/2026 19:57:17","9/2/2026 19:57:17"
"2153","140","25/1/2026 18:06:32","9/2/2026 19:57:17","9/2/2026 19:57:17"
"2154","153","25/1/2026 18:07:06","9/2/2026 19:57:18","9/2/2026 19:57:18"
"2155","164","25/1/2026 18:07:27","9/2/2026 19:57:18","9/2/2026 19:57:18"
"2156","290","25/1/2026 18:07:41","9/2/2026 19:57:18","9/2/2026 19:57:18"
"2157","70","25/1/2026 18:07:50","9/2/2026 19:57:18","9/2/2026 19:57:18"
"2158","129","25/1/2026 18:07:59","9/2/2026 19:57:18","9/2/2026 19:57:18"
"2159","136","25/1/2026 18:09:57","9/2/2026 19:57:18","9/2/2026 19:57:18"
"2160","71","25/1/2026 18:11:00","9/2/2026 19:57:18","9/2/2026 19:57:18"
"2161","338","26/1/2026 04:37:18","9/2/2026 19:57:18","9/2/2026 19:57:18"
"2162","230","26/1/2026 05:11:12","9/2/2026 19:57:18","9/2/2026 19:57:18"
"2163","248","26/1/2026 05:18:53","9/2/2026 19:57:18","9/2/2026 19:57:18"
"2164","268","26/1/2026 05:19:00","9/2/2026 19:57:18","9/2/2026 19:57:18"
"2165","263","26/1/2026 05:27:09","9/2/2026 19:57:18","9/2/2026 19:57:18"
"2166","255","26/1/2026 05:27:15","9/2/2026 19:57:18","9/2/2026 19:57:18"
"2167","319","26/1/2026 05:27:37","9/2/2026 19:57:18","9/2/2026 19:57:18"
"2168","178","26/1/2026 05:31:09","9/2/2026 19:57:18","9/2/2026 19:57:18"
"2169","224","26/1/2026 05:34:01","9/2/2026 19:57:18","9/2/2026 19:57:18"
"2170","84","26/1/2026 05:35:59","9/2/2026 19:57:18","9/2/2026 19:57:18"
"2171","389","26/1/2026 05:52:10","9/2/2026 19:57:18","9/2/2026 19:57:18"
"2172","350","26/1/2026 05:52:17","9/2/2026 19:57:18","9/2/2026 19:57:18"
"2173","39","26/1/2026 05:52:32","9/2/2026 19:57:18","9/2/2026 19:57:18"
"2174","24","26/1/2026 05:55:55","9/2/2026 19:57:18","9/2/2026 19:57:18"
"2175","281","26/1/2026 05:57:40","9/2/2026 19:57:18","9/2/2026 19:57:18"
"2176","185","26/1/2026 06:02:22","9/2/2026 19:57:18","9/2/2026 19:57:18"
"2177","80","26/1/2026 06:14:15","9/2/2026 19:57:18","9/2/2026 19:57:18"
"2178","130","26/1/2026 06:25:45","9/2/2026 19:57:18","9/2/2026 19:57:18"
"2179","175","26/1/2026 06:27:37","9/2/2026 19:57:18","9/2/2026 19:57:18"
"2180","215","26/1/2026 06:34:31","9/2/2026 19:57:18","9/2/2026 19:57:18"
"2181","399","26/1/2026 06:35:21","9/2/2026 19:57:18","9/2/2026 19:57:18"
"2182","51","26/1/2026 06:40:34","9/2/2026 19:57:18","9/2/2026 19:57:18"
"2183","95","26/1/2026 06:43:00","9/2/2026 19:57:18","9/2/2026 19:57:18"
"2184","138","26/1/2026 06:43:30","9/2/2026 19:57:18","9/2/2026 19:57:18"
"2185","101","26/1/2026 06:43:59","9/2/2026 19:57:18","9/2/2026 19:57:18"
"2186","98","26/1/2026 06:44:02","9/2/2026 19:57:18","9/2/2026 19:57:18"
"2187","94","26/1/2026 06:44:06","9/2/2026 19:57:18","9/2/2026 19:57:18"
"2188","10","26/1/2026 06:44:36","9/2/2026 19:57:18","9/2/2026 19:57:18"
"2189","128","26/1/2026 06:46:21","9/2/2026 19:57:19","9/2/2026 19:57:19"
"2190","4","26/1/2026 06:46:33","9/2/2026 19:57:19","9/2/2026 19:57:19"
"2191","329","26/1/2026 06:47:28","9/2/2026 19:57:19","9/2/2026 19:57:19"
"2192","308","26/1/2026 06:48:42","9/2/2026 19:57:19","9/2/2026 19:57:19"
"2193","362","26/1/2026 06:50:18","9/2/2026 19:57:19","9/2/2026 19:57:19"
"2194","310","26/1/2026 06:57:20","9/2/2026 19:57:19","9/2/2026 19:57:19"
"2195","313","26/1/2026 06:57:25","9/2/2026 19:57:19","9/2/2026 19:57:19"
"2196","398","26/1/2026 07:01:11","9/2/2026 19:57:19","9/2/2026 19:57:19"
"2197","21","26/1/2026 07:06:59","9/2/2026 19:57:19","9/2/2026 19:57:19"
"2198","361","26/1/2026 07:08:49","9/2/2026 19:57:19","9/2/2026 19:57:19"
"2199","362","26/1/2026 07:09:38","9/2/2026 19:57:19","9/2/2026 19:57:19"
"2200","279","26/1/2026 07:12:30","9/2/2026 19:57:19","9/2/2026 19:57:19"
"2201","351","26/1/2026 07:12:38","9/2/2026 19:57:19","9/2/2026 19:57:19"
"2202","15","26/1/2026 07:12:43","9/2/2026 19:57:19","9/2/2026 19:57:19"
"2203","403","26/1/2026 07:13:51","9/2/2026 19:57:19","9/2/2026 19:57:19"
"2204","208","26/1/2026 07:14:03","9/2/2026 19:57:19","9/2/2026 19:57:19"
"2205","260","26/1/2026 07:14:33","9/2/2026 19:57:19","9/2/2026 19:57:19"
"2206","90","26/1/2026 07:18:39","9/2/2026 19:57:19","9/2/2026 19:57:19"
"2207","157","26/1/2026 07:22:02","9/2/2026 19:57:19","9/2/2026 19:57:19"
"2208","341","26/1/2026 07:23:51","9/2/2026 19:57:19","9/2/2026 19:57:19"
"2209","315","26/1/2026 07:23:57","9/2/2026 19:57:19","9/2/2026 19:57:19"
"2210","375","26/1/2026 07:30:08","9/2/2026 19:57:19","9/2/2026 19:57:19"
"2211","43","26/1/2026 07:31:03","9/2/2026 19:57:19","9/2/2026 19:57:19"
"2212","278","26/1/2026 07:31:06","9/2/2026 19:57:19","9/2/2026 19:57:19"
"2213","163","26/1/2026 07:31:11","9/2/2026 19:57:19","9/2/2026 19:57:19"
"2214","141","26/1/2026 07:31:15","9/2/2026 19:57:19","9/2/2026 19:57:19"
"2215","74","26/1/2026 07:31:36","9/2/2026 19:57:19","9/2/2026 19:57:19"
"2216","118","26/1/2026 07:33:43","9/2/2026 19:57:19","9/2/2026 19:57:19"
"2217","69","26/1/2026 07:34:19","9/2/2026 19:57:19","9/2/2026 19:57:19"
"2218","60","26/1/2026 07:34:23","9/2/2026 19:57:19","9/2/2026 19:57:19"
"2219","169","26/1/2026 07:35:09","9/2/2026 19:57:19","9/2/2026 19:57:19"
"2220","109","26/1/2026 07:35:21","9/2/2026 19:57:19","9/2/2026 19:57:19"
"2221","61","26/1/2026 07:35:26","9/2/2026 19:57:19","9/2/2026 19:57:19"
"2222","276","26/1/2026 07:35:29","9/2/2026 19:57:19","9/2/2026 19:57:19"
"2223","105","26/1/2026 07:35:39","9/2/2026 19:57:19","9/2/2026 19:57:19"
"2224","217","26/1/2026 07:35:50","9/2/2026 19:57:19","9/2/2026 19:57:19"
"2225","332","26/1/2026 07:35:58","9/2/2026 19:57:19","9/2/2026 19:57:19"
"2226","73","26/1/2026 07:38:57","9/2/2026 19:57:19","9/2/2026 19:57:19"
"2227","196","26/1/2026 07:40:16","9/2/2026 19:57:19","9/2/2026 19:57:19"
"2228","223","26/1/2026 07:40:39","9/2/2026 19:57:20","9/2/2026 19:57:20"
"2229","66","26/1/2026 07:40:54","9/2/2026 19:57:20","9/2/2026 19:57:20"
"2230","179","26/1/2026 07:41:20","9/2/2026 19:57:20","9/2/2026 19:57:20"
"2231","311","26/1/2026 07:43:39","9/2/2026 19:57:20","9/2/2026 19:57:20"
"2232","111","26/1/2026 07:45:37","9/2/2026 19:57:20","9/2/2026 19:57:20"
"2233","242","26/1/2026 07:46:19","9/2/2026 19:57:20","9/2/2026 19:57:20"
"2234","221","26/1/2026 07:46:40","9/2/2026 19:57:20","9/2/2026 19:57:20"
"2235","238","26/1/2026 07:47:05","9/2/2026 19:57:20","9/2/2026 19:57:20"
"2236","303","26/1/2026 07:47:50","9/2/2026 19:57:20","9/2/2026 19:57:20"
"2237","288","26/1/2026 07:48:00","9/2/2026 19:57:20","9/2/2026 19:57:20"
"2238","316","26/1/2026 07:48:05","9/2/2026 19:57:20","9/2/2026 19:57:20"
"2239","233","26/1/2026 07:48:39","9/2/2026 19:57:20","9/2/2026 19:57:20"
"2240","214","26/1/2026 07:51:30","9/2/2026 19:57:20","9/2/2026 19:57:20"
"2241","368","26/1/2026 07:52:33","9/2/2026 19:57:20","9/2/2026 19:57:20"
"2242","257","26/1/2026 07:52:42","9/2/2026 19:57:20","9/2/2026 19:57:20"
"2243","46","26/1/2026 07:55:18","9/2/2026 19:57:20","9/2/2026 19:57:20"
"2244","26","26/1/2026 07:55:22","9/2/2026 19:57:20","9/2/2026 19:57:20"
"2245","293","26/1/2026 07:57:26","9/2/2026 19:57:20","9/2/2026 19:57:20"
"2246","113","26/1/2026 07:57:39","9/2/2026 19:57:20","9/2/2026 19:57:20"
"2247","17","26/1/2026 07:58:33","9/2/2026 19:57:20","9/2/2026 19:57:20"
"2248","199","26/1/2026 08:00:40","9/2/2026 19:57:20","9/2/2026 19:57:20"
"2249","19","26/1/2026 08:01:11","9/2/2026 19:57:20","9/2/2026 19:57:20"
"2250","249","26/1/2026 08:02:08","9/2/2026 19:57:20","9/2/2026 19:57:20"
"2251","224","26/1/2026 08:02:51","9/2/2026 19:57:20","9/2/2026 19:57:20"
"2252","222","26/1/2026 08:04:36","9/2/2026 19:57:20","9/2/2026 19:57:20"
"2253","206","26/1/2026 08:25:12","9/2/2026 19:57:20","9/2/2026 19:57:20"
"2254","243","26/1/2026 09:38:49","9/2/2026 19:57:20","9/2/2026 19:57:20"
"2255","290","26/1/2026 14:51:40","9/2/2026 19:57:20","9/2/2026 19:57:20"
"2256","130","26/1/2026 15:02:45","9/2/2026 19:57:20","9/2/2026 19:57:20"
"2257","351","26/1/2026 15:30:25","9/2/2026 19:57:20","9/2/2026 19:57:20"
"2258","398","26/1/2026 15:30:30","9/2/2026 19:57:20","9/2/2026 19:57:20"
"2259","401","26/1/2026 15:30:34","9/2/2026 19:57:20","9/2/2026 19:57:20"
"2260","157","26/1/2026 15:30:40","9/2/2026 19:57:20","9/2/2026 19:57:20"
"2261","263","26/1/2026 15:30:44","9/2/2026 19:57:20","9/2/2026 19:57:20"
"2262","314","26/1/2026 15:30:50","9/2/2026 19:57:20","9/2/2026 19:57:20"
"2263","178","26/1/2026 15:30:56","9/2/2026 19:57:20","9/2/2026 19:57:20"
"2264","196","26/1/2026 15:32:10","9/2/2026 19:57:20","9/2/2026 19:57:20"
"2265","403","26/1/2026 15:34:33","9/2/2026 19:57:20","9/2/2026 19:57:20"
"2266","179","26/1/2026 15:43:32","9/2/2026 19:57:20","9/2/2026 19:57:20"
"2267","111","26/1/2026 16:01:39","9/2/2026 19:57:20","9/2/2026 19:57:20"
"2268","148","26/1/2026 16:05:24","9/2/2026 19:57:20","9/2/2026 19:57:20"
"2269","119","26/1/2026 16:05:31","9/2/2026 19:57:21","9/2/2026 19:57:21"
"2270","313","26/1/2026 16:06:50","9/2/2026 19:57:21","9/2/2026 19:57:21"
"2271","311","26/1/2026 16:06:53","9/2/2026 19:57:21","9/2/2026 19:57:21"
"2272","341","26/1/2026 16:09:04","9/2/2026 19:57:21","9/2/2026 19:57:21"
"2273","89","26/1/2026 16:39:56","9/2/2026 19:57:21","9/2/2026 19:57:21"
"2274","140","26/1/2026 16:45:35","9/2/2026 19:57:21","9/2/2026 19:57:21"
"2275","70","26/1/2026 16:45:38","9/2/2026 19:57:21","9/2/2026 19:57:21"
"2276","172","26/1/2026 16:47:11","9/2/2026 19:57:21","9/2/2026 19:57:21"
"2277","153","26/1/2026 16:49:04","9/2/2026 19:57:21","9/2/2026 19:57:21"
"2278","332","26/1/2026 16:57:22","9/2/2026 19:57:21","9/2/2026 19:57:21"
"2279","25","26/1/2026 16:58:24","9/2/2026 19:57:21","9/2/2026 19:57:21"
"2280","217","26/1/2026 17:00:55","9/2/2026 19:57:21","9/2/2026 19:57:21"
"2281","139","26/1/2026 17:02:50","9/2/2026 19:57:21","9/2/2026 19:57:21"
"2282","257","26/1/2026 17:03:43","9/2/2026 19:57:21","9/2/2026 19:57:21"
"2283","71","26/1/2026 17:06:47","9/2/2026 19:57:21","9/2/2026 19:57:21"
"2284","129","26/1/2026 17:13:12","9/2/2026 19:57:21","9/2/2026 19:57:21"
"2285","136","26/1/2026 17:35:11","9/2/2026 19:57:21","9/2/2026 19:57:21"
"2286","164","26/1/2026 17:44:52","9/2/2026 19:57:21","9/2/2026 19:57:21"
"2287","104","26/1/2026 17:48:48","9/2/2026 19:57:21","9/2/2026 19:57:21"
"2288","396","26/1/2026 17:50:26","9/2/2026 19:57:21","9/2/2026 19:57:21"
"2289","362","26/1/2026 18:00:28","9/2/2026 19:57:21","9/2/2026 19:57:21"
"2290","260","26/1/2026 18:00:36","9/2/2026 19:57:21","9/2/2026 19:57:21"
"2291","94","26/1/2026 18:00:45","9/2/2026 19:57:21","9/2/2026 19:57:21"
"2292","138","26/1/2026 18:02:53","9/2/2026 19:57:21","9/2/2026 19:57:21"
"2293","98","26/1/2026 18:04:27","9/2/2026 19:57:21","9/2/2026 19:57:21"
"2294","95","26/1/2026 18:04:40","9/2/2026 19:57:21","9/2/2026 19:57:21"
"2295","361","26/1/2026 18:06:29","9/2/2026 19:57:21","9/2/2026 19:57:21"
"2296","4","26/1/2026 18:06:46","9/2/2026 19:57:21","9/2/2026 19:57:21"
"2297","90","26/1/2026 18:07:01","9/2/2026 19:57:21","9/2/2026 19:57:21"
"2298","101","26/1/2026 18:10:27","9/2/2026 19:57:21","9/2/2026 19:57:21"
"2299","80","26/1/2026 18:11:21","9/2/2026 19:57:21","9/2/2026 19:57:21"
"2300","84","26/1/2026 18:18:03","9/2/2026 19:57:21","9/2/2026 19:57:21"
"2301","276","26/1/2026 18:23:52","9/2/2026 19:57:21","9/2/2026 19:57:21"
"2302","329","27/1/2026 05:16:26","9/2/2026 19:57:21","9/2/2026 19:57:21"
"2303","288","27/1/2026 05:22:31","9/2/2026 19:57:21","9/2/2026 19:57:21"
"2304","238","27/1/2026 05:28:23","9/2/2026 19:57:21","9/2/2026 19:57:21"
"2305","249","27/1/2026 05:28:33","9/2/2026 19:57:21","9/2/2026 19:57:21"
"2306","343","27/1/2026 05:38:51","9/2/2026 19:57:21","9/2/2026 19:57:21"
"2307","178","27/1/2026 05:48:02","9/2/2026 19:57:21","9/2/2026 19:57:21"
"2308","114","27/1/2026 05:51:18","9/2/2026 19:57:21","9/2/2026 19:57:21"
"2309","368","27/1/2026 05:51:47","9/2/2026 19:57:21","9/2/2026 19:57:21"
"2310","293","27/1/2026 05:53:12","9/2/2026 19:57:21","9/2/2026 19:57:21"
"2311","199","27/1/2026 05:53:22","9/2/2026 19:57:21","9/2/2026 19:57:21"
"2312","224","27/1/2026 05:58:47","9/2/2026 19:57:21","9/2/2026 19:57:21"
"2313","111","27/1/2026 06:02:31","9/2/2026 19:57:22","9/2/2026 19:57:22"
"2314","26","27/1/2026 06:09:56","9/2/2026 19:57:22","9/2/2026 19:57:22"
"2315","122","27/1/2026 06:13:48","9/2/2026 19:57:22","9/2/2026 19:57:22"
"2316","92","27/1/2026 06:13:54","9/2/2026 19:57:22","9/2/2026 19:57:22"
"2317","214","27/1/2026 06:17:19","9/2/2026 19:57:22","9/2/2026 19:57:22"
"2318","100","27/1/2026 06:20:37","9/2/2026 19:57:22","9/2/2026 19:57:22"
"2319","223","27/1/2026 06:21:54","9/2/2026 19:57:22","9/2/2026 19:57:22"
"2320","125","27/1/2026 06:22:30","9/2/2026 19:57:22","9/2/2026 19:57:22"
"2321","112","27/1/2026 06:27:27","9/2/2026 19:57:22","9/2/2026 19:57:22"
"2322","115","27/1/2026 06:30:25","9/2/2026 19:57:22","9/2/2026 19:57:22"
"2323","242","27/1/2026 06:35:26","9/2/2026 19:57:22","9/2/2026 19:57:22"
"2324","263","27/1/2026 06:36:48","9/2/2026 19:57:22","9/2/2026 19:57:22"
"2325","130","27/1/2026 06:42:42","9/2/2026 19:57:22","9/2/2026 19:57:22"
"2326","75","27/1/2026 06:43:12","9/2/2026 19:57:22","9/2/2026 19:57:22"
"2327","316","27/1/2026 06:43:32","9/2/2026 19:57:22","9/2/2026 19:57:22"
"2328","127","27/1/2026 06:44:06","9/2/2026 19:57:22","9/2/2026 19:57:22"
"2329","151","27/1/2026 06:46:55","9/2/2026 19:57:22","9/2/2026 19:57:22"
"2330","50","27/1/2026 06:49:50","9/2/2026 19:57:22","9/2/2026 19:57:22"
"2331","227","27/1/2026 06:49:55","9/2/2026 19:57:22","9/2/2026 19:57:22"
"2332","146","27/1/2026 06:51:42","9/2/2026 19:57:22","9/2/2026 19:57:22"
"2333","116","27/1/2026 06:51:47","9/2/2026 19:57:22","9/2/2026 19:57:22"
"2334","121","27/1/2026 06:52:10","9/2/2026 19:57:22","9/2/2026 19:57:22"
"2335","77","27/1/2026 06:54:55","9/2/2026 19:57:22","9/2/2026 19:57:22"
"2336","206","27/1/2026 06:55:53","9/2/2026 19:57:22","9/2/2026 19:57:22"
"2337","281","27/1/2026 06:57:44","9/2/2026 19:57:22","9/2/2026 19:57:22"
"2338","17","27/1/2026 06:58:27","9/2/2026 19:57:22","9/2/2026 19:57:22"
"2339","168","27/1/2026 06:58:45","9/2/2026 19:57:22","9/2/2026 19:57:22"
"2340","82","27/1/2026 06:58:50","9/2/2026 19:57:22","9/2/2026 19:57:22"
"2341","351","27/1/2026 06:58:58","9/2/2026 19:57:22","9/2/2026 19:57:22"
"2342","196","27/1/2026 07:07:46","9/2/2026 19:57:22","9/2/2026 19:57:22"
"2343","398","27/1/2026 07:08:15","9/2/2026 19:57:22","9/2/2026 19:57:22"
"2344","313","27/1/2026 07:11:35","9/2/2026 19:57:22","9/2/2026 19:57:22"
"2345","47","27/1/2026 07:11:55","9/2/2026 19:57:22","9/2/2026 19:57:22"
"2346","233","27/1/2026 07:12:17","9/2/2026 19:57:22","9/2/2026 19:57:22"
"2347","403","27/1/2026 07:12:29","9/2/2026 19:57:22","9/2/2026 19:57:22"
"2348","258","27/1/2026 07:15:41","9/2/2026 19:57:22","9/2/2026 19:57:22"
"2349","314","27/1/2026 07:17:42","9/2/2026 19:57:22","9/2/2026 19:57:22"
"2350","401","27/1/2026 07:17:49","9/2/2026 19:57:22","9/2/2026 19:57:22"
"2351","327","27/1/2026 07:21:15","9/2/2026 19:57:22","9/2/2026 19:57:22"
"2352","221","27/1/2026 07:24:34","9/2/2026 19:57:22","9/2/2026 19:57:22"
"2353","257","27/1/2026 07:25:18","9/2/2026 19:57:22","9/2/2026 19:57:22"
"2354","185","27/1/2026 07:25:37","9/2/2026 19:57:22","9/2/2026 19:57:22"
"2355","332","27/1/2026 07:27:30","9/2/2026 19:57:22","9/2/2026 19:57:22"
"2356","315","27/1/2026 07:27:43","9/2/2026 19:57:22","9/2/2026 19:57:22"
"2357","276","27/1/2026 07:28:44","9/2/2026 19:57:22","9/2/2026 19:57:22"
"2358","15","27/1/2026 07:30:02","9/2/2026 19:57:22","9/2/2026 19:57:22"
"2359","21","27/1/2026 07:30:11","9/2/2026 19:57:22","9/2/2026 19:57:22"
"2360","290","27/1/2026 07:30:20","9/2/2026 19:57:22","9/2/2026 19:57:22"
"2361","129","27/1/2026 07:30:32","9/2/2026 19:57:22","9/2/2026 19:57:22"
"2362","148","27/1/2026 07:31:02","9/2/2026 19:57:22","9/2/2026 19:57:22"
"2363","119","27/1/2026 07:31:10","9/2/2026 19:57:22","9/2/2026 19:57:22"
"2364","25","27/1/2026 07:31:29","9/2/2026 19:57:23","9/2/2026 19:57:23"
"2365","153","27/1/2026 07:31:49","9/2/2026 19:57:23","9/2/2026 19:57:23"
"2366","172","27/1/2026 07:32:15","9/2/2026 19:57:23","9/2/2026 19:57:23"
"2367","179","27/1/2026 07:32:37","9/2/2026 19:57:23","9/2/2026 19:57:23"
"2368","51","27/1/2026 07:32:55","9/2/2026 19:57:23","9/2/2026 19:57:23"
"2369","248","27/1/2026 07:33:06","9/2/2026 19:57:23","9/2/2026 19:57:23"
"2370","268","27/1/2026 07:33:10","9/2/2026 19:57:23","9/2/2026 19:57:23"
"2371","10","27/1/2026 07:33:29","9/2/2026 19:57:23","9/2/2026 19:57:23"
"2372","341","27/1/2026 07:35:14","9/2/2026 19:57:23","9/2/2026 19:57:23"
"2373","175","27/1/2026 07:35:19","9/2/2026 19:57:23","9/2/2026 19:57:23"
"2374","139","27/1/2026 07:35:42","9/2/2026 19:57:23","9/2/2026 19:57:23"
"2375","39","27/1/2026 07:38:31","9/2/2026 19:57:23","9/2/2026 19:57:23"
"2376","164","27/1/2026 07:38:42","9/2/2026 19:57:23","9/2/2026 19:57:23"
"2377","71","27/1/2026 07:39:37","9/2/2026 19:57:23","9/2/2026 19:57:23"
"2378","89","27/1/2026 07:40:13","9/2/2026 19:57:23","9/2/2026 19:57:23"
"2379","70","27/1/2026 07:40:17","9/2/2026 19:57:23","9/2/2026 19:57:23"
"2380","140","27/1/2026 07:40:23","9/2/2026 19:57:23","9/2/2026 19:57:23"
"2381","217","27/1/2026 07:42:56","9/2/2026 19:57:23","9/2/2026 19:57:23"
"2382","24","27/1/2026 07:44:07","9/2/2026 19:57:23","9/2/2026 19:57:23"
"2383","278","27/1/2026 07:46:59","9/2/2026 19:57:23","9/2/2026 19:57:23"
"2384","136","27/1/2026 07:52:43","9/2/2026 19:57:23","9/2/2026 19:57:23"
"2385","350","27/1/2026 07:55:35","9/2/2026 19:57:23","9/2/2026 19:57:23"
"2386","396","27/1/2026 08:04:18","9/2/2026 19:57:23","9/2/2026 19:57:23"
"2387","311","27/1/2026 08:04:30","9/2/2026 19:57:23","9/2/2026 19:57:23"
"2388","208","27/1/2026 08:06:49","9/2/2026 19:57:23","9/2/2026 19:57:23"
"2389","215","27/1/2026 08:09:56","9/2/2026 19:57:23","9/2/2026 19:57:23"
"2390","310","27/1/2026 08:13:42","9/2/2026 19:57:23","9/2/2026 19:57:23"
"2391","43","27/1/2026 08:20:53","9/2/2026 19:57:23","9/2/2026 19:57:23"
"2392","279","27/1/2026 09:40:59","9/2/2026 19:57:23","9/2/2026 19:57:23"
"2393","222","27/1/2026 09:49:58","9/2/2026 19:57:23","9/2/2026 19:57:23"
"2394","243","27/1/2026 10:00:07","9/2/2026 19:57:23","9/2/2026 19:57:23"
"2395","332","27/1/2026 14:14:30","9/2/2026 19:57:23","9/2/2026 19:57:23"
"2396","17","27/1/2026 14:28:42","9/2/2026 19:57:23","9/2/2026 19:57:23"
"2397","130","27/1/2026 15:04:59","9/2/2026 19:57:23","9/2/2026 19:57:23"
"2398","178","27/1/2026 15:29:41","9/2/2026 19:57:23","9/2/2026 19:57:23"
"2399","308","27/1/2026 15:30:42","9/2/2026 19:57:24","9/2/2026 19:57:24"
"2400","351","27/1/2026 15:30:52","9/2/2026 19:57:24","9/2/2026 19:57:24"
"2401","263","27/1/2026 15:30:56","9/2/2026 19:57:24","9/2/2026 19:57:24"
"2402","196","27/1/2026 15:43:57","9/2/2026 19:57:24","9/2/2026 19:57:24"
"2403","341","27/1/2026 16:06:23","9/2/2026 19:57:24","9/2/2026 19:57:24"
"2404","111","27/1/2026 16:08:30","9/2/2026 19:57:24","9/2/2026 19:57:24"
"2405","403","27/1/2026 16:08:42","9/2/2026 19:57:24","9/2/2026 19:57:24"
"2406","311","27/1/2026 16:09:15","9/2/2026 19:57:24","9/2/2026 19:57:24"
"2407","313","27/1/2026 16:09:19","9/2/2026 19:57:24","9/2/2026 19:57:24"
"2408","343","27/1/2026 16:12:18","9/2/2026 19:57:24","9/2/2026 19:57:24"
"2409","258","27/1/2026 16:15:33","9/2/2026 19:57:24","9/2/2026 19:57:24"
"2410","80","27/1/2026 16:15:48","9/2/2026 19:57:24","9/2/2026 19:57:24"
"2411","84","27/1/2026 16:21:07","9/2/2026 19:57:24","9/2/2026 19:57:24"
"2412","138","27/1/2026 17:02:49","9/2/2026 19:57:24","9/2/2026 19:57:24"
"2413","217","27/1/2026 17:04:17","9/2/2026 19:57:24","9/2/2026 19:57:24"
"2414","257","27/1/2026 17:09:40","9/2/2026 19:57:24","9/2/2026 19:57:24"
"2415","276","27/1/2026 17:10:00","9/2/2026 19:57:24","9/2/2026 19:57:24"
"2416","90","27/1/2026 17:13:46","9/2/2026 19:57:24","9/2/2026 19:57:24"
"2417","15","27/1/2026 17:35:50","9/2/2026 19:57:24","9/2/2026 19:57:24"
"2418","4","27/1/2026 17:36:38","9/2/2026 19:57:24","9/2/2026 19:57:24"
"2419","362","27/1/2026 17:46:46","9/2/2026 19:57:24","9/2/2026 19:57:24"
"2420","95","27/1/2026 17:52:35","9/2/2026 19:57:24","9/2/2026 19:57:24"
"2421","260","27/1/2026 17:52:48","9/2/2026 19:57:24","9/2/2026 19:57:24"
"2422","94","27/1/2026 17:53:02","9/2/2026 19:57:24","9/2/2026 19:57:24"
"2423","50","27/1/2026 17:53:08","9/2/2026 19:57:24","9/2/2026 19:57:24"
"2424","101","27/1/2026 17:54:29","9/2/2026 19:57:24","9/2/2026 19:57:24"
"2425","98","27/1/2026 17:54:56","9/2/2026 19:57:24","9/2/2026 19:57:24"
"2426","122","27/1/2026 18:00:02","9/2/2026 19:57:24","9/2/2026 19:57:24"
"2427","112","27/1/2026 18:00:11","9/2/2026 19:57:24","9/2/2026 19:57:24"
"2428","114","27/1/2026 18:00:16","9/2/2026 19:57:24","9/2/2026 19:57:24"
"2429","75","27/1/2026 18:01:22","9/2/2026 19:57:24","9/2/2026 19:57:24"
"2430","125","27/1/2026 18:01:55","9/2/2026 19:57:24","9/2/2026 19:57:24"
"2431","116","27/1/2026 18:02:56","9/2/2026 19:57:24","9/2/2026 19:57:24"
"2432","146","27/1/2026 18:04:54","9/2/2026 19:57:24","9/2/2026 19:57:24"
"2433","77","27/1/2026 18:05:44","9/2/2026 19:57:24","9/2/2026 19:57:24"
"2434","92","27/1/2026 18:08:12","9/2/2026 19:57:24","9/2/2026 19:57:24"
"2435","100","27/1/2026 18:08:38","9/2/2026 19:57:24","9/2/2026 19:57:24"
"2436","121","27/1/2026 18:13:35","9/2/2026 19:57:24","9/2/2026 19:57:24"
"2437","127","27/1/2026 18:19:34","9/2/2026 19:57:24","9/2/2026 19:57:24"
"2438","115","27/1/2026 18:37:05","9/2/2026 19:57:24","9/2/2026 19:57:24"
"2439","338","28/1/2026 04:16:26","9/2/2026 19:57:24","9/2/2026 19:57:24"
"2440","178","28/1/2026 05:32:02","9/2/2026 19:57:24","9/2/2026 19:57:24"
"2441","230","28/1/2026 05:35:07","9/2/2026 19:57:24","9/2/2026 19:57:24"
"2442","185","28/1/2026 05:41:22","9/2/2026 19:57:24","9/2/2026 19:57:24"
"2443","39","28/1/2026 05:43:34","9/2/2026 19:57:24","9/2/2026 19:57:24"
"2444","248","28/1/2026 05:49:43","9/2/2026 19:57:24","9/2/2026 19:57:24"
"2445","268","28/1/2026 05:49:47","9/2/2026 19:57:24","9/2/2026 19:57:24"
"2446","255","28/1/2026 05:57:06","9/2/2026 19:57:24","9/2/2026 19:57:24"
"2447","350","28/1/2026 06:01:24","9/2/2026 19:57:25","9/2/2026 19:57:25"
"2448","111","28/1/2026 06:09:24","9/2/2026 19:57:25","9/2/2026 19:57:25"
"2449","218","28/1/2026 06:10:18","9/2/2026 19:57:25","9/2/2026 19:57:25"
"2450","319","28/1/2026 06:11:58","9/2/2026 19:57:25","9/2/2026 19:57:25"
"2451","163","28/1/2026 06:14:21","9/2/2026 19:57:25","9/2/2026 19:57:25"
"2452","375","28/1/2026 06:21:53","9/2/2026 19:57:25","9/2/2026 19:57:25"
"2453","61","28/1/2026 06:30:48","9/2/2026 19:57:25","9/2/2026 19:57:25"
"2454","73","28/1/2026 06:38:26","9/2/2026 19:57:25","9/2/2026 19:57:25"
"2455","329","28/1/2026 06:40:25","9/2/2026 19:57:25","9/2/2026 19:57:25"
"2456","15","28/1/2026 06:45:23","9/2/2026 19:57:25","9/2/2026 19:57:25"
"2457","175","28/1/2026 06:45:59","9/2/2026 19:57:25","9/2/2026 19:57:25"
"2458","396","28/1/2026 06:46:16","9/2/2026 19:57:25","9/2/2026 19:57:25"
"2459","24","28/1/2026 06:46:57","9/2/2026 19:57:25","9/2/2026 19:57:25"
"2460","292","28/1/2026 06:47:36","9/2/2026 19:57:25","9/2/2026 19:57:25"
"2461","130","28/1/2026 06:47:39","9/2/2026 19:57:25","9/2/2026 19:57:25"
"2462","291","28/1/2026 06:47:42","9/2/2026 19:57:25","9/2/2026 19:57:25"
"2463","74","28/1/2026 06:48:25","9/2/2026 19:57:25","9/2/2026 19:57:25"
"2464","183","28/1/2026 06:49:21","9/2/2026 19:57:25","9/2/2026 19:57:25"
"2465","398","28/1/2026 06:50:49","9/2/2026 19:57:25","9/2/2026 19:57:25"
"2466","278","28/1/2026 06:52:47","9/2/2026 19:57:25","9/2/2026 19:57:25"
"2467","66","28/1/2026 06:52:51","9/2/2026 19:57:25","9/2/2026 19:57:25"
"2468","21","28/1/2026 06:52:59","9/2/2026 19:57:25","9/2/2026 19:57:25"
"2469","310","28/1/2026 06:53:06","9/2/2026 19:57:25","9/2/2026 19:57:25"
"2470","208","28/1/2026 06:53:50","9/2/2026 19:57:25","9/2/2026 19:57:25"
"2471","279","28/1/2026 06:54:51","9/2/2026 19:57:25","9/2/2026 19:57:25"
"2472","51","28/1/2026 06:56:10","9/2/2026 19:57:25","9/2/2026 19:57:25"
"2473","10","28/1/2026 06:57:27","9/2/2026 19:57:25","9/2/2026 19:57:25"
"2474","403","28/1/2026 06:59:22","9/2/2026 19:57:25","9/2/2026 19:57:25"
"2475","60","28/1/2026 06:59:40","9/2/2026 19:57:25","9/2/2026 19:57:25"
"2476","68","28/1/2026 07:02:29","9/2/2026 19:57:25","9/2/2026 19:57:25"
"2477","69","28/1/2026 07:03:21","9/2/2026 19:57:25","9/2/2026 19:57:25"
"2478","105","28/1/2026 07:05:48","9/2/2026 19:57:25","9/2/2026 19:57:25"
"2479","351","28/1/2026 07:08:59","9/2/2026 19:57:25","9/2/2026 19:57:25"
"2480","196","28/1/2026 07:10:40","9/2/2026 19:57:25","9/2/2026 19:57:25"
"2481","118","28/1/2026 07:11:52","9/2/2026 19:57:25","9/2/2026 19:57:25"
"2482","141","28/1/2026 07:12:44","9/2/2026 19:57:25","9/2/2026 19:57:25"
"2483","109","28/1/2026 07:12:52","9/2/2026 19:57:25","9/2/2026 19:57:25"
"2484","131","28/1/2026 07:14:04","9/2/2026 19:57:26","9/2/2026 19:57:26"
"2485","347","28/1/2026 07:14:17","9/2/2026 19:57:26","9/2/2026 19:57:26"
"2486","215","28/1/2026 07:14:54","9/2/2026 19:57:26","9/2/2026 19:57:26"
"2487","169","28/1/2026 07:15:42","9/2/2026 19:57:26","9/2/2026 19:57:26"
"2488","313","28/1/2026 07:17:38","9/2/2026 19:57:26","9/2/2026 19:57:26"
"2489","315","28/1/2026 07:28:50","9/2/2026 19:57:26","9/2/2026 19:57:26"
"2490","224","28/1/2026 07:30:36","9/2/2026 19:57:26","9/2/2026 19:57:26"
"2491","4","28/1/2026 07:32:00","9/2/2026 19:57:26","9/2/2026 19:57:26"
"2492","217","28/1/2026 07:32:31","9/2/2026 19:57:26","9/2/2026 19:57:26"
"2493","223","28/1/2026 07:32:46","9/2/2026 19:57:26","9/2/2026 19:57:26"
"2494","113","28/1/2026 07:33:25","9/2/2026 19:57:26","9/2/2026 19:57:26"
"2495","316","28/1/2026 07:36:12","9/2/2026 19:57:26","9/2/2026 19:57:26"
"2496","179","28/1/2026 07:39:12","9/2/2026 19:57:26","9/2/2026 19:57:26"
"2497","332","28/1/2026 07:39:48","9/2/2026 19:57:26","9/2/2026 19:57:26"
"2498","276","28/1/2026 07:40:21","9/2/2026 19:57:26","9/2/2026 19:57:26"
"2499","257","28/1/2026 07:40:42","9/2/2026 19:57:26","9/2/2026 19:57:26"
"2500","98","28/1/2026 07:42:05","9/2/2026 19:57:26","9/2/2026 19:57:26"
"2501","260","28/1/2026 07:44:41","9/2/2026 19:57:26","9/2/2026 19:57:26"
"2502","214","28/1/2026 07:44:53","9/2/2026 19:57:26","9/2/2026 19:57:26"
"2503","94","28/1/2026 07:46:08","9/2/2026 19:57:26","9/2/2026 19:57:26"
"2504","362","28/1/2026 07:46:32","9/2/2026 19:57:26","9/2/2026 19:57:26"
"2505","138","28/1/2026 07:46:42","9/2/2026 19:57:26","9/2/2026 19:57:26"
"2506","95","28/1/2026 07:47:00","9/2/2026 19:57:26","9/2/2026 19:57:26"
"2507","95","28/1/2026 07:48:22","9/2/2026 19:57:26","9/2/2026 19:57:26"
"2508","101","28/1/2026 07:50:09","9/2/2026 19:57:26","9/2/2026 19:57:26"
"2509","80","28/1/2026 07:56:00","9/2/2026 19:57:26","9/2/2026 19:57:26"
"2510","281","28/1/2026 07:56:46","9/2/2026 19:57:26","9/2/2026 19:57:26"
"2511","221","28/1/2026 07:57:51","9/2/2026 19:57:26","9/2/2026 19:57:26"
"2512","327","28/1/2026 07:58:35","9/2/2026 19:57:26","9/2/2026 19:57:26"
"2513","311","28/1/2026 07:59:31","9/2/2026 19:57:26","9/2/2026 19:57:26"
"2514","50","28/1/2026 07:59:39","9/2/2026 19:57:26","9/2/2026 19:57:26"
"2515","249","28/1/2026 07:59:53","9/2/2026 19:57:26","9/2/2026 19:57:26"
"2516","26","28/1/2026 08:00:36","9/2/2026 19:57:26","9/2/2026 19:57:26"
"2517","242","28/1/2026 08:00:45","9/2/2026 19:57:26","9/2/2026 19:57:26"
"2518","368","28/1/2026 08:01:43","9/2/2026 19:57:26","9/2/2026 19:57:26"
"2519","238","28/1/2026 08:03:42","9/2/2026 19:57:26","9/2/2026 19:57:26"
"2520","293","28/1/2026 08:03:50","9/2/2026 19:57:26","9/2/2026 19:57:26"
"2521","84","28/1/2026 08:05:49","9/2/2026 19:57:26","9/2/2026 19:57:26"
"2522","222","28/1/2026 08:06:25","9/2/2026 19:57:26","9/2/2026 19:57:26"
"2523","288","28/1/2026 08:08:00","9/2/2026 19:57:26","9/2/2026 19:57:26"
"2524","233","28/1/2026 08:09:19","9/2/2026 19:57:26","9/2/2026 19:57:26"
"2525","199","28/1/2026 08:09:30","9/2/2026 19:57:26","9/2/2026 19:57:26"
"2526","303","28/1/2026 08:10:39","9/2/2026 19:57:26","9/2/2026 19:57:26"
"2527","19","28/1/2026 08:12:24","9/2/2026 19:57:26","9/2/2026 19:57:26"
"2528","46","28/1/2026 08:17:25","9/2/2026 19:57:26","9/2/2026 19:57:26"
"2529","47","28/1/2026 08:39:16","9/2/2026 19:57:26","9/2/2026 19:57:26"
"2530","206","28/1/2026 08:43:04","9/2/2026 19:57:26","9/2/2026 19:57:26"
"2531","243","28/1/2026 09:42:17","9/2/2026 19:57:26","9/2/2026 19:57:26"
"2532","341","28/1/2026 14:37:58","9/2/2026 19:57:26","9/2/2026 19:57:26"
"2533","338","28/1/2026 14:55:51","9/2/2026 19:57:26","9/2/2026 19:57:26"
"2534","130","28/1/2026 15:03:36","9/2/2026 19:57:26","9/2/2026 19:57:26"
"2535","169","28/1/2026 15:05:09","9/2/2026 19:57:27","9/2/2026 19:57:27"
"2536","351","28/1/2026 15:32:31","9/2/2026 19:57:27","9/2/2026 19:57:27"
"2537","178","28/1/2026 15:33:08","9/2/2026 19:57:27","9/2/2026 19:57:27"
"2538","313","28/1/2026 15:33:16","9/2/2026 19:57:27","9/2/2026 19:57:27"
"2539","179","28/1/2026 15:33:35","9/2/2026 19:57:27","9/2/2026 19:57:27"
"2540","398","28/1/2026 15:36:46","9/2/2026 19:57:27","9/2/2026 19:57:27"
"2541","403","28/1/2026 15:54:13","9/2/2026 19:57:27","9/2/2026 19:57:27"
"2542","111","28/1/2026 16:07:53","9/2/2026 19:57:27","9/2/2026 19:57:27"
"2543","311","28/1/2026 16:08:04","9/2/2026 19:57:27","9/2/2026 19:57:27"
"2544","341","28/1/2026 16:14:50","9/2/2026 19:57:27","9/2/2026 19:57:27"
"2545","75","28/1/2026 16:33:16","9/2/2026 19:57:27","9/2/2026 19:57:27"
"2546","116","28/1/2026 16:39:57","9/2/2026 19:57:27","9/2/2026 19:57:27"
"2547","122","28/1/2026 16:42:52","9/2/2026 19:57:27","9/2/2026 19:57:27"
"2548","100","28/1/2026 16:59:08","9/2/2026 19:57:27","9/2/2026 19:57:27"
"2549","92","28/1/2026 16:59:16","9/2/2026 19:57:27","9/2/2026 19:57:27"
"2550","217","28/1/2026 17:01:10","9/2/2026 19:57:27","9/2/2026 19:57:27"
"2551","332","28/1/2026 17:01:15","9/2/2026 19:57:27","9/2/2026 19:57:27"
"2552","257","28/1/2026 17:05:14","9/2/2026 19:57:27","9/2/2026 19:57:27"
"2553","276","28/1/2026 17:06:04","9/2/2026 19:57:27","9/2/2026 19:57:27"
"2554","15","28/1/2026 17:06:24","9/2/2026 19:57:27","9/2/2026 19:57:27"
"2555","125","28/1/2026 17:07:00","9/2/2026 19:57:27","9/2/2026 19:57:27"
"2556","121","28/1/2026 17:10:04","9/2/2026 19:57:27","9/2/2026 19:57:27"
"2557","146","28/1/2026 17:20:53","9/2/2026 19:57:27","9/2/2026 19:57:27"
"2558","151","28/1/2026 17:27:58","9/2/2026 19:57:27","9/2/2026 19:57:27"
"2559","127","28/1/2026 17:30:03","9/2/2026 19:57:27","9/2/2026 19:57:27"
"2560","77","28/1/2026 17:36:30","9/2/2026 19:57:27","9/2/2026 19:57:27"
"2561","50","28/1/2026 17:36:39","9/2/2026 19:57:27","9/2/2026 19:57:27"
"2562","115","28/1/2026 17:50:42","9/2/2026 19:57:27","9/2/2026 19:57:27"
"2563","112","28/1/2026 17:53:28","9/2/2026 19:57:27","9/2/2026 19:57:27"
"2564","115","28/1/2026 17:55:48","9/2/2026 19:57:27","9/2/2026 19:57:27"
"2565","141","28/1/2026 18:00:02","9/2/2026 19:57:27","9/2/2026 19:57:27"
"2566","375","28/1/2026 18:01:23","9/2/2026 19:57:27","9/2/2026 19:57:27"
"2567","109","28/1/2026 18:01:33","9/2/2026 19:57:27","9/2/2026 19:57:27"
"2568","74","28/1/2026 18:01:39","9/2/2026 19:57:27","9/2/2026 19:57:27"
"2569","118","28/1/2026 18:01:42","9/2/2026 19:57:27","9/2/2026 19:57:27"
"2570","114","28/1/2026 18:01:58","9/2/2026 19:57:28","9/2/2026 19:57:28"
"2571","183","28/1/2026 18:02:11","9/2/2026 19:57:28","9/2/2026 19:57:28"
"2572","105","28/1/2026 18:02:19","9/2/2026 19:57:28","9/2/2026 19:57:28"
"2573","69","28/1/2026 18:03:04","9/2/2026 19:57:28","9/2/2026 19:57:28"
"2574","131","28/1/2026 18:03:14","9/2/2026 19:57:28","9/2/2026 19:57:28"
"2575","73","28/1/2026 18:04:08","9/2/2026 19:57:28","9/2/2026 19:57:28"
"2576","60","28/1/2026 18:04:16","9/2/2026 19:57:28","9/2/2026 19:57:28"
"2577","66","28/1/2026 18:04:27","9/2/2026 19:57:28","9/2/2026 19:57:28"
"2578","61","28/1/2026 18:05:23","9/2/2026 19:57:28","9/2/2026 19:57:28"
"2579","68","28/1/2026 18:10:45","9/2/2026 19:57:28","9/2/2026 19:57:28"
"2580","163","28/1/2026 18:10:51","9/2/2026 19:57:28","9/2/2026 19:57:28"
"2581","113","28/1/2026 18:20:43","9/2/2026 19:57:28","9/2/2026 19:57:28"
"2582","258","28/1/2026 19:53:03","9/2/2026 19:57:28","9/2/2026 19:57:28"
"2583","58","29/1/2026 04:24:08","9/2/2026 19:57:28","9/2/2026 19:57:28"
"2584","290","29/1/2026 04:39:54","9/2/2026 19:57:28","9/2/2026 19:57:28"
"2585","164","29/1/2026 05:06:04","9/2/2026 19:57:28","9/2/2026 19:57:28"
"2586","142","29/1/2026 05:07:43","9/2/2026 19:57:28","9/2/2026 19:57:28"
"2587","209","29/1/2026 05:34:23","9/2/2026 19:57:28","9/2/2026 19:57:28"
"2588","317","29/1/2026 05:34:41","9/2/2026 19:57:28","9/2/2026 19:57:28"
"2589","205","29/1/2026 05:35:38","9/2/2026 19:57:28","9/2/2026 19:57:28"
"2590","20","29/1/2026 05:35:46","9/2/2026 19:57:28","9/2/2026 19:57:28"
"2591","178","29/1/2026 05:36:20","9/2/2026 19:57:28","9/2/2026 19:57:28"
"2592","38","29/1/2026 05:40:56","9/2/2026 19:57:28","9/2/2026 19:57:28"
"2593","42","29/1/2026 05:42:10","9/2/2026 19:57:28","9/2/2026 19:57:28"
"2594","56","29/1/2026 05:49:28","9/2/2026 19:57:28","9/2/2026 19:57:28"
"2595","245","29/1/2026 05:51:16","9/2/2026 19:57:28","9/2/2026 19:57:28"
"2596","23","29/1/2026 05:53:58","9/2/2026 19:57:28","9/2/2026 19:57:28"
"2597","37","29/1/2026 06:12:17","9/2/2026 19:57:28","9/2/2026 19:57:28"
"2598","204","29/1/2026 06:19:38","9/2/2026 19:57:28","9/2/2026 19:57:28"
"2599","366","29/1/2026 06:23:24","9/2/2026 19:57:28","9/2/2026 19:57:28"
"2600","89","29/1/2026 06:29:47","9/2/2026 19:57:28","9/2/2026 19:57:28"
"2601","219","29/1/2026 06:32:41","9/2/2026 19:57:28","9/2/2026 19:57:28"
"2602","272","29/1/2026 06:34:05","9/2/2026 19:57:28","9/2/2026 19:57:28"
"2603","140","29/1/2026 06:34:13","9/2/2026 19:57:28","9/2/2026 19:57:28"
"2604","148","29/1/2026 06:34:27","9/2/2026 19:57:28","9/2/2026 19:57:28"
"2605","119","29/1/2026 06:34:37","9/2/2026 19:57:28","9/2/2026 19:57:28"
"2606","124","29/1/2026 06:41:09","9/2/2026 19:57:28","9/2/2026 19:57:28"
"2607","111","29/1/2026 06:43:05","9/2/2026 19:57:28","9/2/2026 19:57:28"
"2608","241","29/1/2026 06:44:03","9/2/2026 19:57:28","9/2/2026 19:57:28"
"2609","139","29/1/2026 06:48:09","9/2/2026 19:57:28","9/2/2026 19:57:28"
"2610","269","29/1/2026 06:53:31","9/2/2026 19:57:28","9/2/2026 19:57:28"
"2611","172","29/1/2026 06:54:02","9/2/2026 19:57:29","9/2/2026 19:57:29"
"2612","7","29/1/2026 06:55:26","9/2/2026 19:57:29","9/2/2026 19:57:29"
"2613","398","29/1/2026 06:58:50","9/2/2026 19:57:29","9/2/2026 19:57:29"
"2614","277","29/1/2026 06:59:48","9/2/2026 19:57:29","9/2/2026 19:57:29"
"2615","70","29/1/2026 07:02:02","9/2/2026 19:57:29","9/2/2026 19:57:29"
"2616","196","29/1/2026 07:05:24","9/2/2026 19:57:29","9/2/2026 19:57:29"
"2617","129","29/1/2026 07:06:49","9/2/2026 19:57:29","9/2/2026 19:57:29"
"2618","403","29/1/2026 07:07:11","9/2/2026 19:57:29","9/2/2026 19:57:29"
"2619","104","29/1/2026 07:07:42","9/2/2026 19:57:29","9/2/2026 19:57:29"
"2620","32","29/1/2026 07:07:49","9/2/2026 19:57:29","9/2/2026 19:57:29"
"2621","308","29/1/2026 07:08:36","9/2/2026 19:57:29","9/2/2026 19:57:29"
"2622","401","29/1/2026 07:11:11","9/2/2026 19:57:29","9/2/2026 19:57:29"
"2623","314","29/1/2026 07:11:14","9/2/2026 19:57:29","9/2/2026 19:57:29"
"2624","25","29/1/2026 07:12:07","9/2/2026 19:57:29","9/2/2026 19:57:29"
"2625","136","29/1/2026 07:12:18","9/2/2026 19:57:29","9/2/2026 19:57:29"
"2626","351","29/1/2026 07:14:50","9/2/2026 19:57:29","9/2/2026 19:57:29"
"2627","341","29/1/2026 07:26:47","9/2/2026 19:57:29","9/2/2026 19:57:29"
"2628","399","29/1/2026 07:28:06","9/2/2026 19:57:29","9/2/2026 19:57:29"
"2629","276","29/1/2026 07:28:29","9/2/2026 19:57:29","9/2/2026 19:57:29"
"2630","116","29/1/2026 07:30:00","9/2/2026 19:57:29","9/2/2026 19:57:29"
"2631","21","29/1/2026 07:30:06","9/2/2026 19:57:29","9/2/2026 19:57:29"
"2632","350","29/1/2026 07:30:11","9/2/2026 19:57:29","9/2/2026 19:57:29"
"2633","125","29/1/2026 07:30:21","9/2/2026 19:57:29","9/2/2026 19:57:29"
"2634","212","29/1/2026 07:30:30","9/2/2026 19:57:29","9/2/2026 19:57:29"
"2635","15","29/1/2026 07:32:17","9/2/2026 19:57:29","9/2/2026 19:57:29"
"2636","39","29/1/2026 07:32:32","9/2/2026 19:57:29","9/2/2026 19:57:29"
"2637","51","29/1/2026 07:32:37","9/2/2026 19:57:29","9/2/2026 19:57:29"
"2638","258","29/1/2026 07:32:59","9/2/2026 19:57:29","9/2/2026 19:57:29"
"2639","10","29/1/2026 07:33:56","9/2/2026 19:57:29","9/2/2026 19:57:29"
"2640","230","29/1/2026 07:34:09","9/2/2026 19:57:29","9/2/2026 19:57:29"
"2641","332","29/1/2026 07:34:29","9/2/2026 19:57:29","9/2/2026 19:57:29"
"2642","75","29/1/2026 07:34:50","9/2/2026 19:57:29","9/2/2026 19:57:29"
"2643","77","29/1/2026 07:35:45","9/2/2026 19:57:29","9/2/2026 19:57:29"
"2644","114","29/1/2026 07:35:48","9/2/2026 19:57:29","9/2/2026 19:57:29"
"2645","151","29/1/2026 07:37:23","9/2/2026 19:57:29","9/2/2026 19:57:29"
"2646","278","29/1/2026 07:37:29","9/2/2026 19:57:29","9/2/2026 19:57:29"
"2647","146","29/1/2026 07:37:51","9/2/2026 19:57:29","9/2/2026 19:57:29"
"2648","112","29/1/2026 07:38:05","9/2/2026 19:57:29","9/2/2026 19:57:29"
"2649","122","29/1/2026 07:38:32","9/2/2026 19:57:29","9/2/2026 19:57:29"
"2650","175","29/1/2026 07:38:36","9/2/2026 19:57:29","9/2/2026 19:57:29"
"2651","347","29/1/2026 07:39:20","9/2/2026 19:57:29","9/2/2026 19:57:29"
"2652","75","29/1/2026 07:39:25","9/2/2026 19:57:29","9/2/2026 19:57:29"
"2653","268","29/1/2026 07:41:23","9/2/2026 19:57:29","9/2/2026 19:57:29"
"2654","248","29/1/2026 07:41:38","9/2/2026 19:57:29","9/2/2026 19:57:29"
"2655","255","29/1/2026 07:41:43","9/2/2026 19:57:29","9/2/2026 19:57:29"
"2656","319","29/1/2026 07:42:21","9/2/2026 19:57:29","9/2/2026 19:57:29"
"2657","257","29/1/2026 07:43:43","9/2/2026 19:57:29","9/2/2026 19:57:29"
"2658","121","29/1/2026 07:47:54","9/2/2026 19:57:29","9/2/2026 19:57:29"
"2659","100","29/1/2026 07:48:38","9/2/2026 19:57:29","9/2/2026 19:57:29"
"2660","92","29/1/2026 07:48:44","9/2/2026 19:57:29","9/2/2026 19:57:29"
"2661","127","29/1/2026 07:48:51","9/2/2026 19:57:29","9/2/2026 19:57:29"
"2662","24","29/1/2026 07:49:12","9/2/2026 19:57:29","9/2/2026 19:57:29"
"2663","217","29/1/2026 07:53:56","9/2/2026 19:57:29","9/2/2026 19:57:29"
"2664","218","29/1/2026 07:54:31","9/2/2026 19:57:30","9/2/2026 19:57:30"
"2665","208","29/1/2026 07:55:57","9/2/2026 19:57:30","9/2/2026 19:57:30"
"2666","311","29/1/2026 07:57:39","9/2/2026 19:57:30","9/2/2026 19:57:30"
"2667","310","29/1/2026 07:57:58","9/2/2026 19:57:30","9/2/2026 19:57:30"
"2668","115","29/1/2026 08:05:23","9/2/2026 19:57:30","9/2/2026 19:57:30"
"2669","254","29/1/2026 09:49:54","9/2/2026 19:57:30","9/2/2026 19:57:30"
"2670","243","29/1/2026 10:00:26","9/2/2026 19:57:30","9/2/2026 19:57:30"
"2671","130","29/1/2026 14:05:54","9/2/2026 19:57:30","9/2/2026 19:57:30"
"2672","179","29/1/2026 14:48:06","9/2/2026 19:57:30","9/2/2026 19:57:30"
"2673","263","29/1/2026 15:29:55","9/2/2026 19:57:30","9/2/2026 19:57:30"
"2674","178","29/1/2026 15:30:02","9/2/2026 19:57:30","9/2/2026 19:57:30"
"2675","398","29/1/2026 15:30:09","9/2/2026 19:57:30","9/2/2026 19:57:30"
"2676","351","29/1/2026 15:31:22","9/2/2026 19:57:30","9/2/2026 19:57:30"
"2677","196","29/1/2026 15:32:43","9/2/2026 19:57:30","9/2/2026 19:57:30"
"2678","403","29/1/2026 15:34:20","9/2/2026 19:57:30","9/2/2026 19:57:30"
"2679","111","29/1/2026 16:03:23","9/2/2026 19:57:30","9/2/2026 19:57:30"
"2680","341","29/1/2026 16:05:28","9/2/2026 19:57:30","9/2/2026 19:57:30"
"2681","343","29/1/2026 16:05:53","9/2/2026 19:57:30","9/2/2026 19:57:30"
"2682","311","29/1/2026 16:14:00","9/2/2026 19:57:30","9/2/2026 19:57:30"
"2683","61","29/1/2026 16:53:12","9/2/2026 19:57:30","9/2/2026 19:57:30"
"2684","68","29/1/2026 16:53:21","9/2/2026 19:57:30","9/2/2026 19:57:30"
"2685","163","29/1/2026 16:53:27","9/2/2026 19:57:30","9/2/2026 19:57:30"
"2686","73","29/1/2026 16:53:35","9/2/2026 19:57:30","9/2/2026 19:57:30"
"2687","217","29/1/2026 17:01:17","9/2/2026 19:57:30","9/2/2026 19:57:30"
"2688","74","29/1/2026 17:01:51","9/2/2026 19:57:30","9/2/2026 19:57:30"
"2689","332","29/1/2026 17:06:06","9/2/2026 19:57:30","9/2/2026 19:57:30"
"2690","118","29/1/2026 17:11:42","9/2/2026 19:57:30","9/2/2026 19:57:30"
"2691","257","29/1/2026 17:16:07","9/2/2026 19:57:30","9/2/2026 19:57:30"
"2692","15","29/1/2026 17:17:48","9/2/2026 19:57:30","9/2/2026 19:57:30"
"2693","66","29/1/2026 17:21:00","9/2/2026 19:57:30","9/2/2026 19:57:30"
"2694","212","29/1/2026 17:24:16","9/2/2026 19:57:30","9/2/2026 19:57:30"
"2695","69","29/1/2026 17:41:12","9/2/2026 19:57:30","9/2/2026 19:57:30"
"2696","60","29/1/2026 17:46:56","9/2/2026 19:57:30","9/2/2026 19:57:30"
"2697","375","29/1/2026 17:48:31","9/2/2026 19:57:30","9/2/2026 19:57:30"
"2698","105","29/1/2026 17:48:54","9/2/2026 19:57:30","9/2/2026 19:57:30"
"2699","183","29/1/2026 17:52:30","9/2/2026 19:57:30","9/2/2026 19:57:30"
"2700","141","29/1/2026 17:52:33","9/2/2026 19:57:30","9/2/2026 19:57:30"
"2701","169","29/1/2026 17:54:08","9/2/2026 19:57:30","9/2/2026 19:57:30"
"2702","292","29/1/2026 17:54:33","9/2/2026 19:57:30","9/2/2026 19:57:30"
"2703","131","29/1/2026 17:55:21","9/2/2026 19:57:30","9/2/2026 19:57:30"
"2704","164","29/1/2026 17:59:31","9/2/2026 19:57:30","9/2/2026 19:57:30"
"2705","142","29/1/2026 18:00:21","9/2/2026 19:57:30","9/2/2026 19:57:30"
"2706","25","29/1/2026 18:00:27","9/2/2026 19:57:30","9/2/2026 19:57:30"
"2707","172","29/1/2026 18:01:30","9/2/2026 19:57:30","9/2/2026 19:57:30"
"2708","89","29/1/2026 18:01:46","9/2/2026 19:57:30","9/2/2026 19:57:30"
"2709","148","29/1/2026 18:02:04","9/2/2026 19:57:30","9/2/2026 19:57:30"
"2710","119","29/1/2026 18:02:10","9/2/2026 19:57:30","9/2/2026 19:57:30"
"2711","290","29/1/2026 18:02:19","9/2/2026 19:57:31","9/2/2026 19:57:31"
"2712","124","29/1/2026 18:03:37","9/2/2026 19:57:31","9/2/2026 19:57:31"
"2713","139","29/1/2026 18:04:31","9/2/2026 19:57:31","9/2/2026 19:57:31"
"2714","129","29/1/2026 18:05:36","9/2/2026 19:57:31","9/2/2026 19:57:31"
"2715","140","29/1/2026 18:06:02","9/2/2026 19:57:31","9/2/2026 19:57:31"
"2716","136","29/1/2026 18:08:34","9/2/2026 19:57:31","9/2/2026 19:57:31"
"2717","70","29/1/2026 18:08:40","9/2/2026 19:57:31","9/2/2026 19:57:31"
"2718","248","30/1/2026 05:18:40","9/2/2026 19:57:31","9/2/2026 19:57:31"
"2719","268","30/1/2026 05:18:43","9/2/2026 19:57:31","9/2/2026 19:57:31"
"2720","263","30/1/2026 05:22:44","9/2/2026 19:57:31","9/2/2026 19:57:31"
"2721","255","30/1/2026 05:27:58","9/2/2026 19:57:31","9/2/2026 19:57:31"
"2722","178","30/1/2026 05:29:04","9/2/2026 19:57:31","9/2/2026 19:57:31"
"2723","39","30/1/2026 05:48:22","9/2/2026 19:57:31","9/2/2026 19:57:31"
"2724","350","30/1/2026 05:55:29","9/2/2026 19:57:31","9/2/2026 19:57:31"
"2725","185","30/1/2026 06:00:42","9/2/2026 19:57:31","9/2/2026 19:57:31"
"2726","111","30/1/2026 06:01:03","9/2/2026 19:57:31","9/2/2026 19:57:31"
"2727","51","30/1/2026 06:10:24","9/2/2026 19:57:31","9/2/2026 19:57:31"
"2728","84","30/1/2026 06:10:42","9/2/2026 19:57:31","9/2/2026 19:57:31"
"2729","338","30/1/2026 06:13:57","9/2/2026 19:57:31","9/2/2026 19:57:31"
"2730","43","30/1/2026 06:18:37","9/2/2026 19:57:31","9/2/2026 19:57:31"
"2731","215","30/1/2026 06:23:20","9/2/2026 19:57:31","9/2/2026 19:57:31"
"2732","338","30/1/2026 06:23:45","9/2/2026 19:57:31","9/2/2026 19:57:31"
"2733","347","30/1/2026 06:28:13","9/2/2026 19:57:31","9/2/2026 19:57:31"
"2734","80","30/1/2026 06:30:19","9/2/2026 19:57:31","9/2/2026 19:57:31"
"2735","310","30/1/2026 06:34:14","9/2/2026 19:57:31","9/2/2026 19:57:31"
"2736","175","30/1/2026 06:37:49","9/2/2026 19:57:31","9/2/2026 19:57:31"
"2737","21","30/1/2026 06:38:01","9/2/2026 19:57:31","9/2/2026 19:57:31"
"2738","128","30/1/2026 06:44:25","9/2/2026 19:57:31","9/2/2026 19:57:31"
"2739","90","30/1/2026 06:44:29","9/2/2026 19:57:31","9/2/2026 19:57:31"
"2740","98","30/1/2026 06:47:02","9/2/2026 19:57:31","9/2/2026 19:57:31"
"2741","147","30/1/2026 06:48:31","9/2/2026 19:57:31","9/2/2026 19:57:31"
"2742","351","30/1/2026 06:48:56","9/2/2026 19:57:31","9/2/2026 19:57:31"
"2743","208","30/1/2026 06:50:09","9/2/2026 19:57:31","9/2/2026 19:57:31"
"2744","403","30/1/2026 06:50:21","9/2/2026 19:57:31","9/2/2026 19:57:31"
"2745","279","30/1/2026 06:53:17","9/2/2026 19:57:31","9/2/2026 19:57:31"
"2746","398","30/1/2026 06:53:41","9/2/2026 19:57:31","9/2/2026 19:57:31"
"2747","4","30/1/2026 06:54:25","9/2/2026 19:57:31","9/2/2026 19:57:31"
"2748","230","30/1/2026 06:55:38","9/2/2026 19:57:31","9/2/2026 19:57:31"
"2749","260","30/1/2026 06:57:18","9/2/2026 19:57:31","9/2/2026 19:57:31"
"2750","308","30/1/2026 07:02:59","9/2/2026 19:57:31","9/2/2026 19:57:31"
"2751","138","30/1/2026 07:03:06","9/2/2026 19:57:31","9/2/2026 19:57:31"
"2752","361","30/1/2026 07:05:24","9/2/2026 19:57:31","9/2/2026 19:57:31"
"2753","162","30/1/2026 07:06:52","9/2/2026 19:57:32","9/2/2026 19:57:32"
"2754","329","30/1/2026 07:07:18","9/2/2026 19:57:32","9/2/2026 19:57:32"
"2755","389","30/1/2026 07:12:15","9/2/2026 19:57:32","9/2/2026 19:57:32"
"2756","101","30/1/2026 07:15:31","9/2/2026 19:57:32","9/2/2026 19:57:32"
"2757","94","30/1/2026 07:15:36","9/2/2026 19:57:32","9/2/2026 19:57:32"
"2758","179","30/1/2026 07:23:20","9/2/2026 19:57:32","9/2/2026 19:57:32"
"2759","278","30/1/2026 07:24:35","9/2/2026 19:57:32","9/2/2026 19:57:32"
"2760","399","30/1/2026 07:25:04","9/2/2026 19:57:32","9/2/2026 19:57:32"
"2761","401","30/1/2026 07:30:12","9/2/2026 19:57:32","9/2/2026 19:57:32"
"2762","314","30/1/2026 07:30:15","9/2/2026 19:57:32","9/2/2026 19:57:32"
"2763","10","30/1/2026 07:31:32","9/2/2026 19:57:32","9/2/2026 19:57:32"
"2764","341","30/1/2026 07:31:46","9/2/2026 19:57:32","9/2/2026 19:57:32"
"2765","118","30/1/2026 07:33:21","9/2/2026 19:57:32","9/2/2026 19:57:32"
"2766","42","30/1/2026 07:34:13","9/2/2026 19:57:32","9/2/2026 19:57:32"
"2767","74","30/1/2026 07:34:34","9/2/2026 19:57:32","9/2/2026 19:57:32"
"2768","276","30/1/2026 07:34:45","9/2/2026 19:57:32","9/2/2026 19:57:32"
"2769","69","30/1/2026 07:34:51","9/2/2026 19:57:32","9/2/2026 19:57:32"
"2770","60","30/1/2026 07:34:59","9/2/2026 19:57:32","9/2/2026 19:57:32"
"2771","61","30/1/2026 07:35:21","9/2/2026 19:57:32","9/2/2026 19:57:32"
"2772","105","30/1/2026 07:35:49","9/2/2026 19:57:32","9/2/2026 19:57:32"
"2773","73","30/1/2026 07:35:57","9/2/2026 19:57:32","9/2/2026 19:57:32"
"2774","141","30/1/2026 07:36:10","9/2/2026 19:57:32","9/2/2026 19:57:32"
"2775","7","30/1/2026 07:36:16","9/2/2026 19:57:32","9/2/2026 19:57:32"
"2776","66","30/1/2026 07:37:40","9/2/2026 19:57:32","9/2/2026 19:57:32"
"2777","183","30/1/2026 07:38:20","9/2/2026 19:57:32","9/2/2026 19:57:32"
"2778","131","30/1/2026 07:39:32","9/2/2026 19:57:32","9/2/2026 19:57:32"
"2779","212","30/1/2026 07:39:56","9/2/2026 19:57:32","9/2/2026 19:57:32"
"2780","32","30/1/2026 07:40:05","9/2/2026 19:57:32","9/2/2026 19:57:32"
"2781","169","30/1/2026 07:40:48","9/2/2026 19:57:32","9/2/2026 19:57:32"
"2782","292","30/1/2026 07:40:55","9/2/2026 19:57:32","9/2/2026 19:57:32"
"2783","332","30/1/2026 07:41:21","9/2/2026 19:57:32","9/2/2026 19:57:32"
"2784","163","30/1/2026 07:42:14","9/2/2026 19:57:32","9/2/2026 19:57:32"
"2785","68","30/1/2026 07:42:18","9/2/2026 19:57:32","9/2/2026 19:57:32"
"2786","23","30/1/2026 07:43:16","9/2/2026 19:57:32","9/2/2026 19:57:32"
"2787","37","30/1/2026 07:48:46","9/2/2026 19:57:32","9/2/2026 19:57:32"
"2788","317","30/1/2026 07:50:39","9/2/2026 19:57:32","9/2/2026 19:57:32"
"2789","204","30/1/2026 07:51:45","9/2/2026 19:57:32","9/2/2026 19:57:32"
"2790","311","30/1/2026 07:53:14","9/2/2026 19:57:32","9/2/2026 19:57:32"
"2791","20","30/1/2026 07:54:51","9/2/2026 19:57:32","9/2/2026 19:57:32"
"2792","15","30/1/2026 07:55:19","9/2/2026 19:57:32","9/2/2026 19:57:32"
"2793","50","30/1/2026 07:55:37","9/2/2026 19:57:32","9/2/2026 19:57:32"
"2794","44","30/1/2026 07:55:45","9/2/2026 19:57:32","9/2/2026 19:57:32"
"2795","205","30/1/2026 07:57:55","9/2/2026 19:57:32","9/2/2026 19:57:32"
"2796","219","30/1/2026 07:58:00","9/2/2026 19:57:32","9/2/2026 19:57:32"
"2797","241","30/1/2026 07:58:05","9/2/2026 19:57:32","9/2/2026 19:57:32"
"2798","257","30/1/2026 07:58:27","9/2/2026 19:57:32","9/2/2026 19:57:32"
"2799","245","30/1/2026 07:59:22","9/2/2026 19:57:32","9/2/2026 19:57:32"
"2800","269","30/1/2026 07:59:29","9/2/2026 19:57:32","9/2/2026 19:57:32"
"2801","217","30/1/2026 07:59:47","9/2/2026 19:57:32","9/2/2026 19:57:32"
"2802","234","30/1/2026 08:02:07","9/2/2026 19:57:32","9/2/2026 19:57:32"
"2803","366","30/1/2026 08:20:21","9/2/2026 19:57:32","9/2/2026 19:57:32"
"2804","272","30/1/2026 08:41:17","9/2/2026 19:57:32","9/2/2026 19:57:32"
"2805","243","30/1/2026 09:35:38","9/2/2026 19:57:32","9/2/2026 19:57:32"
"2806","254","30/1/2026 10:08:36","9/2/2026 19:57:32","9/2/2026 19:57:32"
"2807","218","30/1/2026 14:01:00","9/2/2026 19:57:32","9/2/2026 19:57:32"
"2808","389","30/1/2026 14:03:41","9/2/2026 19:57:32","9/2/2026 19:57:32"
"2809","179","30/1/2026 14:51:51","9/2/2026 19:57:33","9/2/2026 19:57:33"
"2810","338","30/1/2026 14:55:30","9/2/2026 19:57:33","9/2/2026 19:57:33"
"2811","290","30/1/2026 14:57:13","9/2/2026 19:57:33","9/2/2026 19:57:33"
"2812","80","30/1/2026 15:13:46","9/2/2026 19:57:33","9/2/2026 19:57:33"
"2813","178","30/1/2026 15:30:30","9/2/2026 19:57:33","9/2/2026 19:57:33"
"2814","351","30/1/2026 15:30:37","9/2/2026 19:57:33","9/2/2026 19:57:33"
"2815","403","30/1/2026 15:38:28","9/2/2026 19:57:33","9/2/2026 19:57:33"
"2816","308","30/1/2026 15:47:04","9/2/2026 19:57:33","9/2/2026 19:57:33"
"2817","148","30/1/2026 16:04:18","9/2/2026 19:57:33","9/2/2026 19:57:33"
"2818","119","30/1/2026 16:04:24","9/2/2026 19:57:33","9/2/2026 19:57:33"
"2819","111","30/1/2026 16:06:42","9/2/2026 19:57:33","9/2/2026 19:57:33"
"2820","343","30/1/2026 16:06:57","9/2/2026 19:57:33","9/2/2026 19:57:33"
"2821","311","30/1/2026 16:07:59","9/2/2026 19:57:33","9/2/2026 19:57:33"
"2822","341","30/1/2026 16:10:08","9/2/2026 19:57:33","9/2/2026 19:57:33"
"2823","142","30/1/2026 16:22:24","9/2/2026 19:57:33","9/2/2026 19:57:33"
"2824","70","30/1/2026 16:36:41","9/2/2026 19:57:33","9/2/2026 19:57:33"
"2825","4","30/1/2026 16:36:49","9/2/2026 19:57:33","9/2/2026 19:57:33"
"2826","140","30/1/2026 16:39:22","9/2/2026 19:57:33","9/2/2026 19:57:33"
"2827","129","30/1/2026 16:43:39","9/2/2026 19:57:33","9/2/2026 19:57:33"
"2828","89","30/1/2026 16:53:11","9/2/2026 19:57:33","9/2/2026 19:57:33"
"2829","257","30/1/2026 17:00:13","9/2/2026 19:57:33","9/2/2026 19:57:33"
"2830","332","30/1/2026 17:00:17","9/2/2026 19:57:33","9/2/2026 19:57:33"
"2831","217","30/1/2026 17:00:24","9/2/2026 19:57:33","9/2/2026 19:57:33"
"2832","124","30/1/2026 17:11:15","9/2/2026 19:57:33","9/2/2026 19:57:33"
"2833","15","30/1/2026 17:26:20","9/2/2026 19:57:33","9/2/2026 19:57:33"
"2834","164","30/1/2026 17:26:31","9/2/2026 19:57:33","9/2/2026 19:57:33"
"2835","276","30/1/2026 17:38:25","9/2/2026 19:57:33","9/2/2026 19:57:33"
"2836","136","30/1/2026 17:47:46","9/2/2026 19:57:33","9/2/2026 19:57:33"
"2837","172","30/1/2026 17:52:03","9/2/2026 19:57:33","9/2/2026 19:57:33"
"2838","25","30/1/2026 17:52:07","9/2/2026 19:57:33","9/2/2026 19:57:33"
"2839","147","30/1/2026 18:00:26","9/2/2026 19:57:33","9/2/2026 19:57:33"
"2840","361","30/1/2026 18:00:30","9/2/2026 19:57:33","9/2/2026 19:57:33"
"2841","162","30/1/2026 18:01:07","9/2/2026 19:57:33","9/2/2026 19:57:33"
"2842","90","30/1/2026 18:01:22","9/2/2026 19:57:33","9/2/2026 19:57:33"
"2843","98","30/1/2026 18:01:27","9/2/2026 19:57:33","9/2/2026 19:57:33"
"2844","101","30/1/2026 18:01:33","9/2/2026 19:57:33","9/2/2026 19:57:33"
"2845","260","30/1/2026 18:01:47","9/2/2026 19:57:33","9/2/2026 19:57:33"
"2846","128","30/1/2026 18:03:48","9/2/2026 19:57:33","9/2/2026 19:57:33"
"2847","138","30/1/2026 18:04:09","9/2/2026 19:57:33","9/2/2026 19:57:33"
"2848","94","30/1/2026 18:04:16","9/2/2026 19:57:33","9/2/2026 19:57:33"
"2849","84","30/1/2026 18:12:50","9/2/2026 19:57:33","9/2/2026 19:57:33"
"2850","58","31/1/2026 04:25:04","9/2/2026 19:57:33","9/2/2026 19:57:33"
"2851","122","31/1/2026 06:14:22","9/2/2026 19:57:33","9/2/2026 19:57:33"
"2852","37","31/1/2026 06:14:43","9/2/2026 19:57:33","9/2/2026 19:57:33"
"2853","92","31/1/2026 06:20:16","9/2/2026 19:57:33","9/2/2026 19:57:33"
"2854","23","31/1/2026 06:20:39","9/2/2026 19:57:33","9/2/2026 19:57:33"
"2855","209","31/1/2026 06:20:58","9/2/2026 19:57:33","9/2/2026 19:57:33"
"2856","317","31/1/2026 06:21:57","9/2/2026 19:57:33","9/2/2026 19:57:33"
"2857","205","31/1/2026 06:22:03","9/2/2026 19:57:33","9/2/2026 19:57:33"
"2858","204","31/1/2026 06:24:59","9/2/2026 19:57:34","9/2/2026 19:57:34"
"2859","38","31/1/2026 06:25:11","9/2/2026 19:57:34","9/2/2026 19:57:34"
"2860","20","31/1/2026 06:25:51","9/2/2026 19:57:34","9/2/2026 19:57:34"
"2861","7","31/1/2026 06:30:54","9/2/2026 19:57:34","9/2/2026 19:57:34"
"2862","366","31/1/2026 06:32:47","9/2/2026 19:57:34","9/2/2026 19:57:34"
"2863","125","31/1/2026 06:33:00","9/2/2026 19:57:34","9/2/2026 19:57:34"
"2864","277","31/1/2026 06:37:00","9/2/2026 19:57:34","9/2/2026 19:57:34"
"2865","272","31/1/2026 06:37:20","9/2/2026 19:57:34","9/2/2026 19:57:34"
"2866","112","31/1/2026 06:39:19","9/2/2026 19:57:34","9/2/2026 19:57:34"
"2867","127","31/1/2026 06:45:20","9/2/2026 19:57:34","9/2/2026 19:57:34"
"2868","100","31/1/2026 06:48:02","9/2/2026 19:57:34","9/2/2026 19:57:34"
"2869","245","31/1/2026 06:50:11","9/2/2026 19:57:34","9/2/2026 19:57:34"
"2870","42","31/1/2026 06:51:16","9/2/2026 19:57:34","9/2/2026 19:57:34"
"2871","121","31/1/2026 06:52:05","9/2/2026 19:57:34","9/2/2026 19:57:34"
"2872","146","31/1/2026 06:52:10","9/2/2026 19:57:34","9/2/2026 19:57:34"
"2873","77","31/1/2026 06:53:34","9/2/2026 19:57:34","9/2/2026 19:57:34"
"2874","56","31/1/2026 06:55:31","9/2/2026 19:57:34","9/2/2026 19:57:34"
"2875","258","31/1/2026 06:56:07","9/2/2026 19:57:34","9/2/2026 19:57:34"
"2876","219","31/1/2026 06:56:17","9/2/2026 19:57:34","9/2/2026 19:57:34"
"2877","269","31/1/2026 06:56:49","9/2/2026 19:57:34","9/2/2026 19:57:34"
"2878","32","31/1/2026 06:56:55","9/2/2026 19:57:34","9/2/2026 19:57:34"
"2879","151","31/1/2026 06:59:37","9/2/2026 19:57:34","9/2/2026 19:57:34"
"2880","116","31/1/2026 07:07:31","9/2/2026 19:57:34","9/2/2026 19:57:34"
"2881","115","31/1/2026 07:11:12","9/2/2026 19:57:34","9/2/2026 19:57:34"
"2882","115","31/1/2026 07:16:54","9/2/2026 19:57:34","9/2/2026 19:57:34"
"2883","115","31/1/2026 07:18:15","9/2/2026 19:57:34","9/2/2026 19:57:34"
"2884","114","31/1/2026 07:28:04","9/2/2026 19:57:34","9/2/2026 19:57:34"
"2885","175","31/1/2026 07:28:20","9/2/2026 19:57:34","9/2/2026 19:57:34"
"2886","350","31/1/2026 07:30:28","9/2/2026 19:57:34","9/2/2026 19:57:34"
"2887","21","31/1/2026 07:30:34","9/2/2026 19:57:34","9/2/2026 19:57:34"
"2888","290","31/1/2026 07:30:41","9/2/2026 19:57:34","9/2/2026 19:57:34"
"2889","172","31/1/2026 07:31:10","9/2/2026 19:57:34","9/2/2026 19:57:34"
"2890","329","31/1/2026 07:31:22","9/2/2026 19:57:34","9/2/2026 19:57:34"
"2891","148","31/1/2026 07:31:26","9/2/2026 19:57:34","9/2/2026 19:57:34"
"2892","119","31/1/2026 07:31:36","9/2/2026 19:57:34","9/2/2026 19:57:34"
"2893","25","31/1/2026 07:32:13","9/2/2026 19:57:35","9/2/2026 19:57:35"
"2894","139","31/1/2026 07:32:45","9/2/2026 19:57:35","9/2/2026 19:57:35"
"2895","278","31/1/2026 07:34:15","9/2/2026 19:57:35","9/2/2026 19:57:35"
"2896","51","31/1/2026 07:34:42","9/2/2026 19:57:35","9/2/2026 19:57:35"
"2897","10","31/1/2026 07:35:16","9/2/2026 19:57:35","9/2/2026 19:57:35"
"2898","268","31/1/2026 07:36:18","9/2/2026 19:57:35","9/2/2026 19:57:35"
"2899","255","31/1/2026 07:36:22","9/2/2026 19:57:35","9/2/2026 19:57:35"
"2900","248","31/1/2026 07:36:27","9/2/2026 19:57:35","9/2/2026 19:57:35"
"2901","230","31/1/2026 07:36:31","9/2/2026 19:57:35","9/2/2026 19:57:35"
"2902","164","31/1/2026 07:37:16","9/2/2026 19:57:35","9/2/2026 19:57:35"
"2903","39","31/1/2026 07:37:52","9/2/2026 19:57:35","9/2/2026 19:57:35"
"2904","140","31/1/2026 07:38:13","9/2/2026 19:57:35","9/2/2026 19:57:35"
"2905","124","31/1/2026 07:39:38","9/2/2026 19:57:35","9/2/2026 19:57:35"
"2906","89","31/1/2026 07:40:37","9/2/2026 19:57:35","9/2/2026 19:57:35"
"2907","70","31/1/2026 07:40:54","9/2/2026 19:57:35","9/2/2026 19:57:35"
"2908","142","31/1/2026 07:41:02","9/2/2026 19:57:35","9/2/2026 19:57:35"
"2909","39","31/1/2026 07:41:16","9/2/2026 19:57:35","9/2/2026 19:57:35"
"2910","185","31/1/2026 07:41:47","9/2/2026 19:57:35","9/2/2026 19:57:35"
"2911","129","31/1/2026 07:43:36","9/2/2026 19:57:35","9/2/2026 19:57:35"
"2912","215","31/1/2026 07:54:32","9/2/2026 19:57:35","9/2/2026 19:57:35"
"2913","136","31/1/2026 07:55:13","9/2/2026 19:57:35","9/2/2026 19:57:35"
"2914","310","31/1/2026 08:08:22","9/2/2026 19:57:35","9/2/2026 19:57:35"
"2915","43","31/1/2026 08:48:34","9/2/2026 19:57:35","9/2/2026 19:57:35"
"2916","243","31/1/2026 10:02:05","9/2/2026 19:57:35","9/2/2026 19:57:35"
"2917","80","31/1/2026 15:59:36","9/2/2026 19:57:35","9/2/2026 19:57:35"
"2918","84","31/1/2026 16:22:59","9/2/2026 19:57:35","9/2/2026 19:57:35"
"2919","138","31/1/2026 17:06:49","9/2/2026 19:57:35","9/2/2026 19:57:35"
"2920","147","31/1/2026 17:24:25","9/2/2026 19:57:35","9/2/2026 19:57:35"
"2921","101","31/1/2026 17:28:50","9/2/2026 19:57:35","9/2/2026 19:57:35"
"2922","90","31/1/2026 17:30:58","9/2/2026 19:57:35","9/2/2026 19:57:35"
"2923","162","31/1/2026 17:34:24","9/2/2026 19:57:36","9/2/2026 19:57:36"
"2924","361","31/1/2026 17:37:30","9/2/2026 19:57:36","9/2/2026 19:57:36"
"2925","4","31/1/2026 17:39:03","9/2/2026 19:57:36","9/2/2026 19:57:36"
"2926","98","31/1/2026 17:44:34","9/2/2026 19:57:36","9/2/2026 19:57:36"
"2927","260","31/1/2026 17:46:52","9/2/2026 19:57:36","9/2/2026 19:57:36"
"2928","116","31/1/2026 17:59:07","9/2/2026 19:57:36","9/2/2026 19:57:36"
"2929","125","31/1/2026 18:01:23","9/2/2026 19:57:36","9/2/2026 19:57:36"
"2930","114","31/1/2026 18:01:26","9/2/2026 19:57:36","9/2/2026 19:57:36"
"2931","100","31/1/2026 18:01:36","9/2/2026 19:57:36","9/2/2026 19:57:36"
"2932","146","31/1/2026 18:02:44","9/2/2026 19:57:36","9/2/2026 19:57:36"
"2933","77","31/1/2026 18:04:18","9/2/2026 19:57:36","9/2/2026 19:57:36"
"2934","115","31/1/2026 18:04:45","9/2/2026 19:57:36","9/2/2026 19:57:36"
"2935","92","31/1/2026 18:04:51","9/2/2026 19:57:36","9/2/2026 19:57:36"
"2936","258","31/1/2026 18:04:58","9/2/2026 19:57:36","9/2/2026 19:57:36"
"2937","122","31/1/2026 18:05:10","9/2/2026 19:57:36","9/2/2026 19:57:36"
"2938","112","31/1/2026 18:07:09","9/2/2026 19:57:36","9/2/2026 19:57:36"
"2939","127","31/1/2026 18:11:28","9/2/2026 19:57:36","9/2/2026 19:57:36"
"2940","115","31/1/2026 18:12:03","9/2/2026 19:57:36","9/2/2026 19:57:36"
"2941","223","1/2/2026 05:23:45","9/2/2026 19:57:36","9/2/2026 19:57:36"
"2942","222","1/2/2026 05:40:25","9/2/2026 19:57:36","9/2/2026 19:57:36"
"2943","199","1/2/2026 06:11:57","9/2/2026 19:57:36","9/2/2026 19:57:36"
"2944","293","1/2/2026 06:12:01","9/2/2026 19:57:36","9/2/2026 19:57:36"
"2945","238","1/2/2026 06:15:11","9/2/2026 19:57:36","9/2/2026 19:57:36"
"2946","316","1/2/2026 06:15:43","9/2/2026 19:57:36","9/2/2026 19:57:36"
"2947","368","1/2/2026 06:15:59","9/2/2026 19:57:36","9/2/2026 19:57:36"
"2948","206","1/2/2026 06:16:05","9/2/2026 19:57:36","9/2/2026 19:57:36"
"2949","214","1/2/2026 06:16:35","9/2/2026 19:57:36","9/2/2026 19:57:36"
"2950","26","1/2/2026 06:18:24","9/2/2026 19:57:36","9/2/2026 19:57:36"
"2951","375","1/2/2026 06:23:16","9/2/2026 19:57:36","9/2/2026 19:57:36"
"2952","163","1/2/2026 06:26:22","9/2/2026 19:57:36","9/2/2026 19:57:36"
"2953","281","1/2/2026 06:27:13","9/2/2026 19:57:36","9/2/2026 19:57:36"
"2954","61","1/2/2026 06:32:44","9/2/2026 19:57:36","9/2/2026 19:57:36"
"2955","47","1/2/2026 06:32:50","9/2/2026 19:57:36","9/2/2026 19:57:36"
"2956","73","1/2/2026 06:34:19","9/2/2026 19:57:36","9/2/2026 19:57:36"
"2957","249","1/2/2026 06:41:43","9/2/2026 19:57:36","9/2/2026 19:57:36"
"2958","141","1/2/2026 06:44:13","9/2/2026 19:57:37","9/2/2026 19:57:37"
"2959","221","1/2/2026 06:45:16","9/2/2026 19:57:37","9/2/2026 19:57:37"
"2960","224","1/2/2026 06:45:55","9/2/2026 19:57:37","9/2/2026 19:57:37"
"2961","233","1/2/2026 06:47:33","9/2/2026 19:57:37","9/2/2026 19:57:37"
"2962","183","1/2/2026 06:47:41","9/2/2026 19:57:37","9/2/2026 19:57:37"
"2963","66","1/2/2026 06:50:48","9/2/2026 19:57:37","9/2/2026 19:57:37"
"2964","227","1/2/2026 06:54:12","9/2/2026 19:57:37","9/2/2026 19:57:37"
"2965","17","1/2/2026 07:00:55","9/2/2026 19:57:37","9/2/2026 19:57:37"
"2966","74","1/2/2026 07:01:55","9/2/2026 19:57:37","9/2/2026 19:57:37"
"2967","68","1/2/2026 07:02:02","9/2/2026 19:57:37","9/2/2026 19:57:37"
"2968","69","1/2/2026 07:14:03","9/2/2026 19:57:37","9/2/2026 19:57:37"
"2969","118","1/2/2026 07:21:29","9/2/2026 19:57:37","9/2/2026 19:57:37"
"2970","169","1/2/2026 07:22:25","9/2/2026 19:57:37","9/2/2026 19:57:37"
"2971","291","1/2/2026 07:22:33","9/2/2026 19:57:37","9/2/2026 19:57:37"
"2972","60","1/2/2026 07:23:56","9/2/2026 19:57:37","9/2/2026 19:57:37"
"2973","271","1/2/2026 07:24:18","9/2/2026 19:57:37","9/2/2026 19:57:37"
"2974","105","1/2/2026 07:25:28","9/2/2026 19:57:37","9/2/2026 19:57:37"
"2975","131","1/2/2026 07:28:47","9/2/2026 19:57:37","9/2/2026 19:57:37"
"2976","32","1/2/2026 07:30:29","9/2/2026 19:57:37","9/2/2026 19:57:37"
"2977","241","1/2/2026 07:32:04","9/2/2026 19:57:37","9/2/2026 19:57:37"
"2978","138","1/2/2026 07:32:47","9/2/2026 19:57:37","9/2/2026 19:57:37"
"2979","361","1/2/2026 07:33:00","9/2/2026 19:57:38","9/2/2026 19:57:38"
"2980","7","1/2/2026 07:33:11","9/2/2026 19:57:38","9/2/2026 19:57:38"
"2981","4","1/2/2026 07:33:55","9/2/2026 19:57:38","9/2/2026 19:57:38"
"2982","98","1/2/2026 07:34:24","9/2/2026 19:57:38","9/2/2026 19:57:38"
"2983","80","1/2/2026 07:34:53","9/2/2026 19:57:38","9/2/2026 19:57:38"
"2984","162","1/2/2026 07:35:41","9/2/2026 19:57:38","9/2/2026 19:57:38"
"2985","147","1/2/2026 07:35:48","9/2/2026 19:57:38","9/2/2026 19:57:38"
"2986","90","1/2/2026 07:36:23","9/2/2026 19:57:38","9/2/2026 19:57:38"
"2987","101","1/2/2026 07:36:36","9/2/2026 19:57:38","9/2/2026 19:57:38"
"2988","269","1/2/2026 07:39:46","9/2/2026 19:57:38","9/2/2026 19:57:38"
"2989","205","1/2/2026 07:42:10","9/2/2026 19:57:38","9/2/2026 19:57:38"
"2990","23","1/2/2026 07:43:44","9/2/2026 19:57:38","9/2/2026 19:57:38"
"2991","234","1/2/2026 07:44:29","9/2/2026 19:57:38","9/2/2026 19:57:38"
"2992","37","1/2/2026 07:44:41","9/2/2026 19:57:38","9/2/2026 19:57:38"
"2993","23","1/2/2026 07:44:58","9/2/2026 19:57:38","9/2/2026 19:57:38"
"2994","84","1/2/2026 07:46:09","9/2/2026 19:57:38","9/2/2026 19:57:38"
"2995","219","1/2/2026 07:46:25","9/2/2026 19:57:38","9/2/2026 19:57:38"
"2996","204","1/2/2026 07:47:14","9/2/2026 19:57:38","9/2/2026 19:57:38"
"2997","38","1/2/2026 07:47:20","9/2/2026 19:57:38","9/2/2026 19:57:38"
"2998","42","1/2/2026 07:48:17","9/2/2026 19:57:38","9/2/2026 19:57:38"
"2999","366","1/2/2026 07:49:05","9/2/2026 19:57:38","9/2/2026 19:57:38"
"3000","44","1/2/2026 07:49:56","9/2/2026 19:57:38","9/2/2026 19:57:38"
"3001","20","1/2/2026 07:50:38","9/2/2026 19:57:38","9/2/2026 19:57:38"
"3002","317","1/2/2026 08:02:52","9/2/2026 19:57:38","9/2/2026 19:57:38"
"3003","272","1/2/2026 08:17:21","9/2/2026 19:57:38","9/2/2026 19:57:38"
"3004","242","1/2/2026 09:12:29","9/2/2026 19:57:38","9/2/2026 19:57:38"
"3005","254","1/2/2026 10:09:56","9/2/2026 19:57:38","9/2/2026 19:57:38"
"3006","100","1/2/2026 16:31:17","9/2/2026 19:57:38","9/2/2026 19:57:38"
"3007","360","1/2/2026 16:36:53","9/2/2026 19:57:38","9/2/2026 19:57:38"
"3008","114","1/2/2026 16:37:26","9/2/2026 19:57:38","9/2/2026 19:57:38"
"3009","116","1/2/2026 16:49:04","9/2/2026 19:57:38","9/2/2026 19:57:38"
"3010","122","1/2/2026 16:51:13","9/2/2026 19:57:38","9/2/2026 19:57:38"
"3011","92","1/2/2026 17:01:28","9/2/2026 19:57:38","9/2/2026 19:57:38"
"3012","125","1/2/2026 17:14:40","9/2/2026 19:57:38","9/2/2026 19:57:38"
"3013","112","1/2/2026 17:16:11","9/2/2026 19:57:38","9/2/2026 19:57:38"
"3014","115","1/2/2026 17:36:01","9/2/2026 19:57:38","9/2/2026 19:57:38"
"3015","127","1/2/2026 17:40:24","9/2/2026 19:57:38","9/2/2026 19:57:38"
"3016","146","1/2/2026 17:40:34","9/2/2026 19:57:38","9/2/2026 19:57:38"
"3017","151","1/2/2026 17:51:55","9/2/2026 19:57:39","9/2/2026 19:57:39"
"3018","258","1/2/2026 17:56:18","9/2/2026 19:57:39","9/2/2026 19:57:39"
"3019","77","1/2/2026 17:56:58","9/2/2026 19:57:39","9/2/2026 19:57:39"
"3020","121","1/2/2026 17:58:08","9/2/2026 19:57:39","9/2/2026 19:57:39"
"3021","141","1/2/2026 18:00:12","9/2/2026 19:57:39","9/2/2026 19:57:39"
"3022","73","1/2/2026 18:00:16","9/2/2026 19:57:39","9/2/2026 19:57:39"
"3023","74","1/2/2026 18:00:23","9/2/2026 19:57:39","9/2/2026 19:57:39"
"3024","60","1/2/2026 18:01:25","9/2/2026 19:57:39","9/2/2026 19:57:39"
"3025","66","1/2/2026 18:02:10","9/2/2026 19:57:39","9/2/2026 19:57:39"
"3026","105","1/2/2026 18:02:15","9/2/2026 19:57:39","9/2/2026 19:57:39"
"3027","118","1/2/2026 18:02:26","9/2/2026 19:57:39","9/2/2026 19:57:39"
"3028","60","1/2/2026 18:02:32","9/2/2026 19:57:39","9/2/2026 19:57:39"
"3029","61","1/2/2026 18:03:06","9/2/2026 19:57:39","9/2/2026 19:57:39"
"3030","183","1/2/2026 18:03:16","9/2/2026 19:57:39","9/2/2026 19:57:39"
"3031","375","1/2/2026 18:04:14","9/2/2026 19:57:39","9/2/2026 19:57:39"
"3032","292","1/2/2026 18:04:30","9/2/2026 19:57:39","9/2/2026 19:57:39"
"3033","131","1/2/2026 18:06:17","9/2/2026 19:57:39","9/2/2026 19:57:39"
"3034","68","1/2/2026 18:07:46","9/2/2026 19:57:39","9/2/2026 19:57:39"
"3035","163","1/2/2026 18:07:53","9/2/2026 19:57:39","9/2/2026 19:57:39"
"3036","164","2/2/2026 04:17:10","9/2/2026 19:57:39","9/2/2026 19:57:39"
"3037","290","2/2/2026 05:08:01","9/2/2026 19:57:39","9/2/2026 19:57:39"
"3038","204","2/2/2026 05:08:25","9/2/2026 19:57:39","9/2/2026 19:57:39"
"3039","142","2/2/2026 05:16:03","9/2/2026 19:57:39","9/2/2026 19:57:39"
"3040","178","2/2/2026 05:24:35","9/2/2026 19:57:39","9/2/2026 19:57:39"
"3041","139","2/2/2026 05:30:46","9/2/2026 19:57:39","9/2/2026 19:57:39"
"3042","205","2/2/2026 05:41:35","9/2/2026 19:57:39","9/2/2026 19:57:39"
"3043","209","2/2/2026 05:41:39","9/2/2026 19:57:39","9/2/2026 19:57:39"
"3044","38","2/2/2026 05:41:44","9/2/2026 19:57:39","9/2/2026 19:57:39"
"3045","20","2/2/2026 05:42:06","9/2/2026 19:57:39","9/2/2026 19:57:39"
"3046","56","2/2/2026 05:55:34","9/2/2026 19:57:39","9/2/2026 19:57:39"
"3047","343","2/2/2026 05:56:02","9/2/2026 19:57:39","9/2/2026 19:57:39"
"3048","89","2/2/2026 06:05:11","9/2/2026 19:57:39","9/2/2026 19:57:39"
"3049","272","2/2/2026 06:11:01","9/2/2026 19:57:39","9/2/2026 19:57:39"
"3050","245","2/2/2026 06:11:44","9/2/2026 19:57:39","9/2/2026 19:57:39"
"3051","399","2/2/2026 06:12:08","9/2/2026 19:57:39","9/2/2026 19:57:39"
"3052","338","2/2/2026 06:17:16","9/2/2026 19:57:39","9/2/2026 19:57:39"
"3053","7","2/2/2026 06:19:35","9/2/2026 19:57:39","9/2/2026 19:57:39"
"3054","130","2/2/2026 06:26:15","9/2/2026 19:57:39","9/2/2026 19:57:39"
"3055","140","2/2/2026 06:31:15","9/2/2026 19:57:39","9/2/2026 19:57:39"
"3056","224","2/2/2026 06:31:37","9/2/2026 19:57:39","9/2/2026 19:57:39"
"3057","366","2/2/2026 06:37:24","9/2/2026 19:57:39","9/2/2026 19:57:39"
"3058","124","2/2/2026 06:39:09","9/2/2026 19:57:39","9/2/2026 19:57:39"
"3059","263","2/2/2026 06:40:44","9/2/2026 19:57:39","9/2/2026 19:57:39"
"3060","172","2/2/2026 06:40:53","9/2/2026 19:57:39","9/2/2026 19:57:39"
"3061","25","2/2/2026 06:40:56","9/2/2026 19:57:39","9/2/2026 19:57:39"
"3062","148","2/2/2026 06:41:10","9/2/2026 19:57:39","9/2/2026 19:57:39"
"3063","119","2/2/2026 06:41:17","9/2/2026 19:57:39","9/2/2026 19:57:39"
"3064","308","2/2/2026 06:47:06","9/2/2026 19:57:39","9/2/2026 19:57:39"
"3065","219","2/2/2026 06:48:43","9/2/2026 19:57:39","9/2/2026 19:57:39"
"3066","129","2/2/2026 06:52:03","9/2/2026 19:57:39","9/2/2026 19:57:39"
"3067","401","2/2/2026 06:53:23","9/2/2026 19:57:39","9/2/2026 19:57:39"
"3068","314","2/2/2026 06:53:27","9/2/2026 19:57:39","9/2/2026 19:57:39"
"3069","241","2/2/2026 06:57:38","9/2/2026 19:57:39","9/2/2026 19:57:39"
"3070","398","2/2/2026 06:58:47","9/2/2026 19:57:39","9/2/2026 19:57:39"
"3071","403","2/2/2026 06:58:51","9/2/2026 19:57:39","9/2/2026 19:57:39"
"3072","269","2/2/2026 07:04:45","9/2/2026 19:57:39","9/2/2026 19:57:39"
"3073","70","2/2/2026 07:09:37","9/2/2026 19:57:39","9/2/2026 19:57:39"
"3074","196","2/2/2026 07:09:50","9/2/2026 19:57:39","9/2/2026 19:57:39"
"3075","44","2/2/2026 07:13:00","9/2/2026 19:57:39","9/2/2026 19:57:39"
"3076","32","2/2/2026 07:13:31","9/2/2026 19:57:39","9/2/2026 19:57:39"
"3077","313","2/2/2026 07:14:56","9/2/2026 19:57:40","9/2/2026 19:57:40"
"3078","121","2/2/2026 07:30:04","9/2/2026 19:57:40","9/2/2026 19:57:40"
"3079","115","2/2/2026 07:30:13","9/2/2026 19:57:40","9/2/2026 19:57:40"
"3080","332","2/2/2026 07:30:20","9/2/2026 19:57:40","9/2/2026 19:57:40"
"3081","179","2/2/2026 07:31:10","9/2/2026 19:57:40","9/2/2026 19:57:40"
"3082","15","2/2/2026 07:33:42","9/2/2026 19:57:40","9/2/2026 19:57:40"
"3083","396","2/2/2026 07:34:39","9/2/2026 19:57:40","9/2/2026 19:57:40"
"3084","360","2/2/2026 07:37:52","9/2/2026 19:57:40","9/2/2026 19:57:40"
"3085","116","2/2/2026 07:37:55","9/2/2026 19:57:40","9/2/2026 19:57:40"
"3086","146","2/2/2026 07:40:15","9/2/2026 19:57:40","9/2/2026 19:57:40"
"3087","341","2/2/2026 07:41:08","9/2/2026 19:57:40","9/2/2026 19:57:40"
"3088","112","2/2/2026 07:41:42","9/2/2026 19:57:40","9/2/2026 19:57:40"
"3089","151","2/2/2026 07:41:45","9/2/2026 19:57:40","9/2/2026 19:57:40"
"3090","77","2/2/2026 07:42:13","9/2/2026 19:57:40","9/2/2026 19:57:40"
"3091","114","2/2/2026 07:42:16","9/2/2026 19:57:40","9/2/2026 19:57:40"
"3092","125","2/2/2026 07:42:25","9/2/2026 19:57:40","9/2/2026 19:57:40"
"3093","122","2/2/2026 07:44:04","9/2/2026 19:57:40","9/2/2026 19:57:40"
"3094","258","2/2/2026 07:44:26","9/2/2026 19:57:40","9/2/2026 19:57:40"
"3095","249","2/2/2026 07:45:27","9/2/2026 19:57:40","9/2/2026 19:57:40"
"3096","100","2/2/2026 07:46:46","9/2/2026 19:57:40","9/2/2026 19:57:40"
"3097","368","2/2/2026 07:47:11","9/2/2026 19:57:40","9/2/2026 19:57:40"
"3098","92","2/2/2026 07:47:17","9/2/2026 19:57:40","9/2/2026 19:57:40"
"3099","316","2/2/2026 07:48:58","9/2/2026 19:57:40","9/2/2026 19:57:40"
"3100","217","2/2/2026 07:50:06","9/2/2026 19:57:40","9/2/2026 19:57:40"
"3101","221","2/2/2026 07:52:26","9/2/2026 19:57:40","9/2/2026 19:57:40"
"3102","242","2/2/2026 07:54:16","9/2/2026 19:57:40","9/2/2026 19:57:40"
"3103","26","2/2/2026 07:54:43","9/2/2026 19:57:40","9/2/2026 19:57:40"
"3104","136","2/2/2026 07:56:04","9/2/2026 19:57:40","9/2/2026 19:57:40"
"3105","223","2/2/2026 07:56:24","9/2/2026 19:57:40","9/2/2026 19:57:40"
"3106","46","2/2/2026 07:57:01","9/2/2026 19:57:40","9/2/2026 19:57:40"
"3107","311","2/2/2026 07:57:53","9/2/2026 19:57:40","9/2/2026 19:57:40"
"3108","233","2/2/2026 07:58:00","9/2/2026 19:57:40","9/2/2026 19:57:40"
"3109","214","2/2/2026 07:58:28","9/2/2026 19:57:40","9/2/2026 19:57:40"
"3110","127","2/2/2026 07:59:30","9/2/2026 19:57:40","9/2/2026 19:57:40"
"3111","222","2/2/2026 08:00:16","9/2/2026 19:57:40","9/2/2026 19:57:40"
"3112","17","2/2/2026 08:01:20","9/2/2026 19:57:40","9/2/2026 19:57:40"
"3113","238","2/2/2026 08:02:25","9/2/2026 19:57:40","9/2/2026 19:57:40"
"3114","288","2/2/2026 08:03:09","9/2/2026 19:57:40","9/2/2026 19:57:40"
"3115","199","2/2/2026 08:04:35","9/2/2026 19:57:40","9/2/2026 19:57:40"
"3116","47","2/2/2026 08:05:11","9/2/2026 19:57:40","9/2/2026 19:57:40"
"3117","281","2/2/2026 08:08:19","9/2/2026 19:57:40","9/2/2026 19:57:40"
"3118","271","2/2/2026 08:09:00","9/2/2026 19:57:40","9/2/2026 19:57:40"
"3119","19","2/2/2026 08:10:37","9/2/2026 19:57:40","9/2/2026 19:57:40"
"3120","351","2/2/2026 08:23:52","9/2/2026 19:57:40","9/2/2026 19:57:40"
"3121","58","2/2/2026 08:29:25","9/2/2026 19:57:40","9/2/2026 19:57:40"
"3122","206","2/2/2026 08:37:51","9/2/2026 19:57:40","9/2/2026 19:57:40"
"3123","111","2/2/2026 09:21:48","9/2/2026 19:57:40","9/2/2026 19:57:40"
"3124","254","2/2/2026 09:38:03","9/2/2026 19:57:40","9/2/2026 19:57:40"
"3125","111","2/2/2026 10:18:56","9/2/2026 19:57:40","9/2/2026 19:57:40"
"3126","317","2/2/2026 14:30:23","9/2/2026 19:57:40","9/2/2026 19:57:40"
"3127","338","2/2/2026 14:58:00","9/2/2026 19:57:40","9/2/2026 19:57:40"
"3128","157","2/2/2026 15:30:46","9/2/2026 19:57:40","9/2/2026 19:57:40"
"3129","178","2/2/2026 15:30:54","9/2/2026 19:57:40","9/2/2026 19:57:40"
"3130","263","2/2/2026 15:31:04","9/2/2026 19:57:40","9/2/2026 19:57:40"
"3131","351","2/2/2026 15:31:09","9/2/2026 19:57:40","9/2/2026 19:57:40"
"3132","403","2/2/2026 15:35:07","9/2/2026 19:57:40","9/2/2026 19:57:40"
"3133","196","2/2/2026 15:36:13","9/2/2026 19:57:40","9/2/2026 19:57:40"
"3134","179","2/2/2026 15:41:38","9/2/2026 19:57:40","9/2/2026 19:57:40"
"3135","343","2/2/2026 16:02:36","9/2/2026 19:57:40","9/2/2026 19:57:40"
"3136","341","2/2/2026 16:05:47","9/2/2026 19:57:41","9/2/2026 19:57:41"
"3137","311","2/2/2026 16:15:55","9/2/2026 19:57:41","9/2/2026 19:57:41"
"3138","313","2/2/2026 16:15:58","9/2/2026 19:57:41","9/2/2026 19:57:41"
"3139","163","2/2/2026 16:49:04","9/2/2026 19:57:41","9/2/2026 19:57:41"
"3140","375","2/2/2026 16:49:08","9/2/2026 19:57:41","9/2/2026 19:57:41"
"3141","61","2/2/2026 16:57:52","9/2/2026 19:57:41","9/2/2026 19:57:41"
"3142","73","2/2/2026 17:01:10","9/2/2026 19:57:41","9/2/2026 19:57:41"
"3143","217","2/2/2026 17:11:45","9/2/2026 19:57:41","9/2/2026 19:57:41"
"3144","332","2/2/2026 17:13:00","9/2/2026 19:57:41","9/2/2026 19:57:41"
"3145","15","2/2/2026 17:13:53","9/2/2026 19:57:41","9/2/2026 19:57:41"
"3146","66","2/2/2026 17:15:18","9/2/2026 19:57:41","9/2/2026 19:57:41"
"3147","118","2/2/2026 17:24:53","9/2/2026 19:57:41","9/2/2026 19:57:41"
"3148","69","2/2/2026 17:25:20","9/2/2026 19:57:41","9/2/2026 19:57:41"
"3149","68","2/2/2026 17:26:12","9/2/2026 19:57:41","9/2/2026 19:57:41"
"3150","74","2/2/2026 17:26:19","9/2/2026 19:57:41","9/2/2026 19:57:41"
"3151","60","2/2/2026 17:47:49","9/2/2026 19:57:41","9/2/2026 19:57:41"
"3152","105","2/2/2026 17:52:55","9/2/2026 19:57:41","9/2/2026 19:57:41"
"3153","131","2/2/2026 17:55:45","9/2/2026 19:57:41","9/2/2026 19:57:41"
"3154","292","2/2/2026 17:57:18","9/2/2026 19:57:41","9/2/2026 19:57:41"
"3155","141","2/2/2026 17:58:34","9/2/2026 19:57:41","9/2/2026 19:57:41"
"3156","183","2/2/2026 17:58:37","9/2/2026 19:57:41","9/2/2026 19:57:41"
"3157","25","2/2/2026 18:00:50","9/2/2026 19:57:41","9/2/2026 19:57:41"
"3158","148","2/2/2026 18:01:04","9/2/2026 19:57:41","9/2/2026 19:57:41"
"3159","119","2/2/2026 18:01:10","9/2/2026 19:57:41","9/2/2026 19:57:41"
"3160","290","2/2/2026 18:02:16","9/2/2026 19:57:41","9/2/2026 19:57:41"
"3161","89","2/2/2026 18:03:18","9/2/2026 19:57:41","9/2/2026 19:57:41"
"3162","172","2/2/2026 18:03:31","9/2/2026 19:57:41","9/2/2026 19:57:41"
"3163","142","2/2/2026 18:04:09","9/2/2026 19:57:41","9/2/2026 19:57:41"
"3164","164","2/2/2026 18:04:32","9/2/2026 19:57:41","9/2/2026 19:57:41"
"3165","139","2/2/2026 18:04:36","9/2/2026 19:57:41","9/2/2026 19:57:41"
"3166","140","2/2/2026 18:05:59","9/2/2026 19:57:41","9/2/2026 19:57:41"
"3167","124","2/2/2026 18:06:31","9/2/2026 19:57:41","9/2/2026 19:57:41"
"3168","70","2/2/2026 18:07:08","9/2/2026 19:57:41","9/2/2026 19:57:41"
"3169","129","2/2/2026 18:07:26","9/2/2026 19:57:41","9/2/2026 19:57:41"
"3170","136","2/2/2026 18:08:41","9/2/2026 19:57:41","9/2/2026 19:57:41"
"3171","288","3/2/2026 05:20:28","9/2/2026 19:57:42","9/2/2026 19:57:42"
"3172","223","3/2/2026 05:25:34","9/2/2026 19:57:42","9/2/2026 19:57:42"
"3173","238","3/2/2026 05:28:53","9/2/2026 19:57:42","9/2/2026 19:57:42"
"3174","263","3/2/2026 05:32:13","9/2/2026 19:57:42","9/2/2026 19:57:42"
"3175","178","3/2/2026 05:41:54","9/2/2026 19:57:42","9/2/2026 19:57:42"
"3176","316","3/2/2026 05:55:17","9/2/2026 19:57:42","9/2/2026 19:57:42"
"3177","214","3/2/2026 05:57:07","9/2/2026 19:57:42","9/2/2026 19:57:42"
"3178","242","3/2/2026 05:57:10","9/2/2026 19:57:42","9/2/2026 19:57:42"
"3179","84","3/2/2026 06:07:25","9/2/2026 19:57:42","9/2/2026 19:57:42"
"3180","281","3/2/2026 06:07:46","9/2/2026 19:57:42","9/2/2026 19:57:42"
"3181","90","3/2/2026 06:16:06","9/2/2026 19:57:42","9/2/2026 19:57:42"
"3182","128","3/2/2026 06:16:22","9/2/2026 19:57:42","9/2/2026 19:57:42"
"3183","293","3/2/2026 06:20:28","9/2/2026 19:57:42","9/2/2026 19:57:42"
"3184","199","3/2/2026 06:20:37","9/2/2026 19:57:42","9/2/2026 19:57:42"
"3185","206","3/2/2026 06:20:59","9/2/2026 19:57:42","9/2/2026 19:57:42"
"3186","338","3/2/2026 06:21:10","9/2/2026 19:57:42","9/2/2026 19:57:42"
"3187","130","3/2/2026 06:22:08","9/2/2026 19:57:42","9/2/2026 19:57:42"
"3188","368","3/2/2026 06:27:59","9/2/2026 19:57:42","9/2/2026 19:57:42"
"3189","233","3/2/2026 06:31:00","9/2/2026 19:57:42","9/2/2026 19:57:42"
"3190","80","3/2/2026 06:34:10","9/2/2026 19:57:42","9/2/2026 19:57:42"
"3191","303","3/2/2026 06:34:24","9/2/2026 19:57:42","9/2/2026 19:57:42"
"3192","19","3/2/2026 06:35:40","9/2/2026 19:57:42","9/2/2026 19:57:42"
"3193","162","3/2/2026 06:37:07","9/2/2026 19:57:42","9/2/2026 19:57:42"
"3194","222","3/2/2026 06:44:08","9/2/2026 19:57:42","9/2/2026 19:57:42"
"3195","221","3/2/2026 06:45:11","9/2/2026 19:57:42","9/2/2026 19:57:42"
"3196","227","3/2/2026 06:45:50","9/2/2026 19:57:42","9/2/2026 19:57:42"
"3197","26","3/2/2026 06:46:28","9/2/2026 19:57:42","9/2/2026 19:57:42"
"3198","47","3/2/2026 06:49:59","9/2/2026 19:57:42","9/2/2026 19:57:42"
"3199","17","3/2/2026 06:50:54","9/2/2026 19:57:42","9/2/2026 19:57:42"
"3200","138","3/2/2026 06:53:50","9/2/2026 19:57:42","9/2/2026 19:57:42"
"3201","159","3/2/2026 06:56:52","9/2/2026 19:57:42","9/2/2026 19:57:42"
"3202","98","3/2/2026 06:57:14","9/2/2026 19:57:42","9/2/2026 19:57:42"
"3203","101","3/2/2026 06:58:06","9/2/2026 19:57:42","9/2/2026 19:57:42"
"3204","147","3/2/2026 06:59:47","9/2/2026 19:57:42","9/2/2026 19:57:42"
"3205","398","3/2/2026 07:00:05","9/2/2026 19:57:42","9/2/2026 19:57:42"
"3206","196","3/2/2026 07:01:06","9/2/2026 19:57:42","9/2/2026 19:57:42"
"3207","4","3/2/2026 07:01:26","9/2/2026 19:57:42","9/2/2026 19:57:42"
"3208","403","3/2/2026 07:07:24","9/2/2026 19:57:42","9/2/2026 19:57:42"
"3209","317","3/2/2026 07:12:04","9/2/2026 19:57:42","9/2/2026 19:57:42"
"3210","15","3/2/2026 07:22:46","9/2/2026 19:57:42","9/2/2026 19:57:42"
"3211","257","3/2/2026 07:22:57","9/2/2026 19:57:42","9/2/2026 19:57:42"
"3212","313","3/2/2026 07:25:00","9/2/2026 19:57:42","9/2/2026 19:57:42"
"3213","361","3/2/2026 07:25:55","9/2/2026 19:57:42","9/2/2026 19:57:42"
"3214","332","3/2/2026 07:28:35","9/2/2026 19:57:42","9/2/2026 19:57:42"
"3215","271","3/2/2026 07:28:39","9/2/2026 19:57:42","9/2/2026 19:57:42"
"3216","351","3/2/2026 07:30:05","9/2/2026 19:57:42","9/2/2026 19:57:42"
"3217","32","3/2/2026 07:30:33","9/2/2026 19:57:42","9/2/2026 19:57:42"
"3218","69","3/2/2026 07:31:16","9/2/2026 19:57:42","9/2/2026 19:57:42"
"3219","61","3/2/2026 07:31:38","9/2/2026 19:57:42","9/2/2026 19:57:42"
"3220","73","3/2/2026 07:31:52","9/2/2026 19:57:42","9/2/2026 19:57:42"
"3221","118","3/2/2026 07:31:55","9/2/2026 19:57:43","9/2/2026 19:57:43"
"3222","141","3/2/2026 07:32:20","9/2/2026 19:57:43","9/2/2026 19:57:43"
"3223","183","3/2/2026 07:32:24","9/2/2026 19:57:43","9/2/2026 19:57:43"
"3224","241","3/2/2026 07:32:53","9/2/2026 19:57:43","9/2/2026 19:57:43"
"3225","7","3/2/2026 07:33:07","9/2/2026 19:57:43","9/2/2026 19:57:43"
"3226","375","3/2/2026 07:33:16","9/2/2026 19:57:43","9/2/2026 19:57:43"
"3227","105","3/2/2026 07:33:28","9/2/2026 19:57:43","9/2/2026 19:57:43"
"3228","179","3/2/2026 07:33:45","9/2/2026 19:57:43","9/2/2026 19:57:43"
"3229","131","3/2/2026 07:34:05","9/2/2026 19:57:43","9/2/2026 19:57:43"
"3230","292","3/2/2026 07:34:11","9/2/2026 19:57:43","9/2/2026 19:57:43"
"3231","291","3/2/2026 07:34:14","9/2/2026 19:57:43","9/2/2026 19:57:43"
"3232","66","3/2/2026 07:34:18","9/2/2026 19:57:43","9/2/2026 19:57:43"
"3233","60","3/2/2026 07:34:26","9/2/2026 19:57:43","9/2/2026 19:57:43"
"3234","74","3/2/2026 07:36:19","9/2/2026 19:57:43","9/2/2026 19:57:43"
"3235","245","3/2/2026 07:43:24","9/2/2026 19:57:43","9/2/2026 19:57:43"
"3236","37","3/2/2026 07:45:17","9/2/2026 19:57:43","9/2/2026 19:57:43"
"3237","163","3/2/2026 07:45:23","9/2/2026 19:57:43","9/2/2026 19:57:43"
"3238","68","3/2/2026 07:45:26","9/2/2026 19:57:43","9/2/2026 19:57:43"
"3239","276","3/2/2026 07:48:00","9/2/2026 19:57:43","9/2/2026 19:57:43"
"3240","234","3/2/2026 07:48:22","9/2/2026 19:57:43","9/2/2026 19:57:43"
"3241","44","3/2/2026 07:48:47","9/2/2026 19:57:43","9/2/2026 19:57:43"
"3242","224","3/2/2026 07:49:33","9/2/2026 19:57:43","9/2/2026 19:57:43"
"3243","205","3/2/2026 07:50:43","9/2/2026 19:57:43","9/2/2026 19:57:43"
"3244","217","3/2/2026 07:54:33","9/2/2026 19:57:43","9/2/2026 19:57:43"
"3245","269","3/2/2026 07:56:20","9/2/2026 19:57:43","9/2/2026 19:57:43"
"3246","38","3/2/2026 07:56:34","9/2/2026 19:57:43","9/2/2026 19:57:43"
"3247","366","3/2/2026 08:02:08","9/2/2026 19:57:43","9/2/2026 19:57:43"
"3248","311","3/2/2026 08:04:26","9/2/2026 19:57:43","9/2/2026 19:57:43"
"3249","219","3/2/2026 08:08:00","9/2/2026 19:57:43","9/2/2026 19:57:43"
"3250","260","3/2/2026 08:12:38","9/2/2026 19:57:43","9/2/2026 19:57:43"
"3251","277","3/2/2026 08:21:24","9/2/2026 19:57:43","9/2/2026 19:57:43"
"3252","272","3/2/2026 08:21:31","9/2/2026 19:57:43","9/2/2026 19:57:43"
"3253","254","3/2/2026 10:16:09","9/2/2026 19:57:43","9/2/2026 19:57:43"
"3254","204","3/2/2026 10:23:59","9/2/2026 19:57:43","9/2/2026 19:57:43"
"3255","290","3/2/2026 14:49:06","9/2/2026 19:57:43","9/2/2026 19:57:43"
"3256","338","3/2/2026 15:00:28","9/2/2026 19:57:43","9/2/2026 19:57:43"
"3257","130","3/2/2026 15:06:04","9/2/2026 19:57:43","9/2/2026 19:57:43"
"3258","157","3/2/2026 15:30:08","9/2/2026 19:57:43","9/2/2026 19:57:43"
"3259","178","3/2/2026 15:30:14","9/2/2026 19:57:43","9/2/2026 19:57:43"
"3260","263","3/2/2026 15:30:18","9/2/2026 19:57:43","9/2/2026 19:57:43"
"3261","398","3/2/2026 15:30:25","9/2/2026 19:57:43","9/2/2026 19:57:43"
"3262","393","3/2/2026 15:30:32","9/2/2026 19:57:43","9/2/2026 19:57:43"
"3263","179","3/2/2026 15:31:06","9/2/2026 19:57:43","9/2/2026 19:57:43"
"3264","351","3/2/2026 15:31:38","9/2/2026 19:57:43","9/2/2026 19:57:43"
"3265","148","3/2/2026 15:39:36","9/2/2026 19:57:44","9/2/2026 19:57:44"
"3266","119","3/2/2026 15:39:51","9/2/2026 19:57:44","9/2/2026 19:57:44"
"3267","196","3/2/2026 15:45:18","9/2/2026 19:57:44","9/2/2026 19:57:44"
"3268","403","3/2/2026 15:51:48","9/2/2026 19:57:44","9/2/2026 19:57:44"
"3269","142","3/2/2026 16:06:44","9/2/2026 19:57:44","9/2/2026 19:57:44"
"3270","343","3/2/2026 16:07:33","9/2/2026 19:57:44","9/2/2026 19:57:44"
"3271","124","3/2/2026 16:14:20","9/2/2026 19:57:44","9/2/2026 19:57:44"
"3272","89","3/2/2026 16:34:28","9/2/2026 19:57:44","9/2/2026 19:57:44"
"3273","70","3/2/2026 16:45:38","9/2/2026 19:57:44","9/2/2026 19:57:44"
"3274","140","3/2/2026 16:45:42","9/2/2026 19:57:44","9/2/2026 19:57:44"
"3275","25","3/2/2026 16:54:12","9/2/2026 19:57:44","9/2/2026 19:57:44"
"3276","129","3/2/2026 16:57:44","9/2/2026 19:57:44","9/2/2026 19:57:44"
"3277","332","3/2/2026 17:00:37","9/2/2026 19:57:44","9/2/2026 19:57:44"
"3278","217","3/2/2026 17:00:42","9/2/2026 19:57:44","9/2/2026 19:57:44"
"3279","260","3/2/2026 17:03:14","9/2/2026 19:57:44","9/2/2026 19:57:44"
"3280","136","3/2/2026 17:06:19","9/2/2026 19:57:44","9/2/2026 19:57:44"
"3281","15","3/2/2026 17:14:07","9/2/2026 19:57:44","9/2/2026 19:57:44"
"3282","257","3/2/2026 17:17:42","9/2/2026 19:57:44","9/2/2026 19:57:44"
"3283","172","3/2/2026 17:28:03","9/2/2026 19:57:44","9/2/2026 19:57:44"
"3284","164","3/2/2026 17:47:41","9/2/2026 19:57:44","9/2/2026 19:57:44"
"3285","147","3/2/2026 18:00:04","9/2/2026 19:57:44","9/2/2026 19:57:44"
"3286","361","3/2/2026 18:02:20","9/2/2026 19:57:44","9/2/2026 19:57:44"
"3287","159","3/2/2026 18:02:37","9/2/2026 19:57:44","9/2/2026 19:57:44"
"3288","138","3/2/2026 18:02:42","9/2/2026 19:57:44","9/2/2026 19:57:44"
"3289","98","3/2/2026 18:02:47","9/2/2026 19:57:44","9/2/2026 19:57:44"
"3290","90","3/2/2026 18:05:00","9/2/2026 19:57:44","9/2/2026 19:57:44"
"3291","80","3/2/2026 18:05:25","9/2/2026 19:57:44","9/2/2026 19:57:44"
"3292","162","3/2/2026 18:05:49","9/2/2026 19:57:44","9/2/2026 19:57:44"
"3293","101","3/2/2026 18:05:58","9/2/2026 19:57:44","9/2/2026 19:57:44"
"3294","84","3/2/2026 18:09:25","9/2/2026 19:57:44","9/2/2026 19:57:44"
"3295","128","3/2/2026 18:09:47","9/2/2026 19:57:44","9/2/2026 19:57:44"
"3296","4","3/2/2026 18:10:53","9/2/2026 19:57:44","9/2/2026 19:57:44"
"3297","22","3/2/2026 19:55:33","9/2/2026 19:57:44","9/2/2026 19:57:44"
"3298","338","4/2/2026 04:09:38","9/2/2026 19:57:44","9/2/2026 19:57:44"
"3299","281","4/2/2026 04:29:37","9/2/2026 19:57:44","9/2/2026 19:57:44"
"3300","122","4/2/2026 04:51:47","9/2/2026 19:57:44","9/2/2026 19:57:44"
"3301","230","4/2/2026 04:57:40","9/2/2026 19:57:44","9/2/2026 19:57:44"
"3302","268","4/2/2026 05:09:50","9/2/2026 19:57:44","9/2/2026 19:57:44"
"3303","248","4/2/2026 05:10:09","9/2/2026 19:57:44","9/2/2026 19:57:44"
"3304","255","4/2/2026 05:13:35","9/2/2026 19:57:44","9/2/2026 19:57:44"
"3305","389","4/2/2026 05:40:14","9/2/2026 19:57:44","9/2/2026 19:57:44"
"3306","178","4/2/2026 05:48:42","9/2/2026 19:57:44","9/2/2026 19:57:44"
"3307","350","4/2/2026 05:57:07","9/2/2026 19:57:44","9/2/2026 19:57:44"
"3308","319","4/2/2026 05:58:16","9/2/2026 19:57:44","9/2/2026 19:57:44"
"3309","51","4/2/2026 06:05:59","9/2/2026 19:57:44","9/2/2026 19:57:44"
"3310","92","4/2/2026 06:08:37","9/2/2026 19:57:44","9/2/2026 19:57:44"
"3311","215","4/2/2026 06:13:08","9/2/2026 19:57:44","9/2/2026 19:57:44"
"3312","175","4/2/2026 06:19:48","9/2/2026 19:57:44","9/2/2026 19:57:44"
"3313","121","4/2/2026 06:21:45","9/2/2026 19:57:44","9/2/2026 19:57:44"
"3314","185","4/2/2026 06:27:13","9/2/2026 19:57:44","9/2/2026 19:57:44"
"3315","130","4/2/2026 06:27:40","9/2/2026 19:57:44","9/2/2026 19:57:44"
"3316","115","4/2/2026 06:28:17","9/2/2026 19:57:45","9/2/2026 19:57:45"
"3317","125","4/2/2026 06:29:30","9/2/2026 19:57:46","9/2/2026 19:57:46"
"3318","399","4/2/2026 06:32:59","9/2/2026 19:57:46","9/2/2026 19:57:46"
"3319","112","4/2/2026 06:35:57","9/2/2026 19:57:46","9/2/2026 19:57:46"
"3320","263","4/2/2026 06:39:05","9/2/2026 19:57:46","9/2/2026 19:57:46"
"3321","75","4/2/2026 06:40:12","9/2/2026 19:57:46","9/2/2026 19:57:46"
"3322","100","4/2/2026 06:40:25","9/2/2026 19:57:46","9/2/2026 19:57:46"
"3323","310","4/2/2026 06:41:44","9/2/2026 19:57:46","9/2/2026 19:57:46"
"3324","114","4/2/2026 06:44:16","9/2/2026 19:57:46","9/2/2026 19:57:46"
"3325","396","4/2/2026 06:47:46","9/2/2026 19:57:46","9/2/2026 19:57:46"
"3326","278","4/2/2026 06:49:02","9/2/2026 19:57:46","9/2/2026 19:57:46"
"3327","77","4/2/2026 06:49:46","9/2/2026 19:57:46","9/2/2026 19:57:46"
"3328","308","4/2/2026 06:49:55","9/2/2026 19:57:46","9/2/2026 19:57:46"
"3329","329","4/2/2026 06:52:12","9/2/2026 19:57:46","9/2/2026 19:57:46"
"3330","146","4/2/2026 06:53:12","9/2/2026 19:57:46","9/2/2026 19:57:46"
"3331","208","4/2/2026 06:53:40","9/2/2026 19:57:46","9/2/2026 19:57:46"
"3332","10","4/2/2026 06:55:38","9/2/2026 19:57:46","9/2/2026 19:57:46"
"3333","127","4/2/2026 06:57:28","9/2/2026 19:57:46","9/2/2026 19:57:46"
"3334","21","4/2/2026 06:57:34","9/2/2026 19:57:46","9/2/2026 19:57:46"
"3335","116","4/2/2026 07:05:01","9/2/2026 19:57:46","9/2/2026 19:57:46"
"3336","279","4/2/2026 07:08:22","9/2/2026 19:57:46","9/2/2026 19:57:46"
"3337","24","4/2/2026 07:08:28","9/2/2026 19:57:46","9/2/2026 19:57:46"
"3338","398","4/2/2026 07:08:35","9/2/2026 19:57:46","9/2/2026 19:57:46"
"3339","151","4/2/2026 07:13:22","9/2/2026 19:57:46","9/2/2026 19:57:46"
"3340","179","4/2/2026 07:16:40","9/2/2026 19:57:46","9/2/2026 19:57:46"
"3341","360","4/2/2026 07:16:54","9/2/2026 19:57:46","9/2/2026 19:57:46"
"3342","196","4/2/2026 07:17:56","9/2/2026 19:57:46","9/2/2026 19:57:46"
"3343","316","4/2/2026 07:19:20","9/2/2026 19:57:46","9/2/2026 19:57:46"
"3344","332","4/2/2026 07:19:23","9/2/2026 19:57:46","9/2/2026 19:57:46"
"3345","15","4/2/2026 07:19:52","9/2/2026 19:57:46","9/2/2026 19:57:46"
"3346","212","4/2/2026 07:27:00","9/2/2026 19:57:46","9/2/2026 19:57:46"
"3347","257","4/2/2026 07:28:41","9/2/2026 19:57:46","9/2/2026 19:57:46"
"3348","313","4/2/2026 07:30:55","9/2/2026 19:57:46","9/2/2026 19:57:46"
"3349","276","4/2/2026 07:35:32","9/2/2026 19:57:46","9/2/2026 19:57:46"
"3350","403","4/2/2026 07:37:05","9/2/2026 19:57:46","9/2/2026 19:57:46"
"3351","148","4/2/2026 07:42:44","9/2/2026 19:57:47","9/2/2026 19:57:47"
"3352","119","4/2/2026 07:42:51","9/2/2026 19:57:47","9/2/2026 19:57:47"
"3353","172","4/2/2026 07:43:42","9/2/2026 19:57:47","9/2/2026 19:57:47"
"3354","341","4/2/2026 07:43:51","9/2/2026 19:57:47","9/2/2026 19:57:47"
"3355","25","4/2/2026 07:44:08","9/2/2026 19:57:47","9/2/2026 19:57:47"
"3356","290","4/2/2026 07:46:25","9/2/2026 19:57:47","9/2/2026 19:57:47"
"3357","164","4/2/2026 07:47:32","9/2/2026 19:57:47","9/2/2026 19:57:47"
"3358","124","4/2/2026 07:47:38","9/2/2026 19:57:47","9/2/2026 19:57:47"
"3359","223","4/2/2026 07:48:26","9/2/2026 19:57:47","9/2/2026 19:57:47"
"3360","139","4/2/2026 07:50:16","9/2/2026 19:57:47","9/2/2026 19:57:47"
"3361","129","4/2/2026 07:50:52","9/2/2026 19:57:47","9/2/2026 19:57:47"
"3362","136","4/2/2026 07:52:11","9/2/2026 19:57:47","9/2/2026 19:57:47"
"3363","311","4/2/2026 07:52:33","9/2/2026 19:57:47","9/2/2026 19:57:47"
"3364","217","4/2/2026 07:52:37","9/2/2026 19:57:47","9/2/2026 19:57:47"
"3365","70","4/2/2026 07:52:44","9/2/2026 19:57:47","9/2/2026 19:57:47"
"3366","89","4/2/2026 07:52:47","9/2/2026 19:57:47","9/2/2026 19:57:47"
"3367","142","4/2/2026 07:52:51","9/2/2026 19:57:47","9/2/2026 19:57:47"
"3368","140","4/2/2026 07:54:29","9/2/2026 19:57:47","9/2/2026 19:57:47"
"3369","242","4/2/2026 07:55:51","9/2/2026 19:57:47","9/2/2026 19:57:47"
"3370","271","4/2/2026 07:57:35","9/2/2026 19:57:47","9/2/2026 19:57:47"
"3371","303","4/2/2026 07:58:44","9/2/2026 19:57:47","9/2/2026 19:57:47"
"3372","26","4/2/2026 07:59:56","9/2/2026 19:57:47","9/2/2026 19:57:47"
"3373","221","4/2/2026 08:00:26","9/2/2026 19:57:47","9/2/2026 19:57:47"
"3374","288","4/2/2026 08:02:41","9/2/2026 19:57:47","9/2/2026 19:57:47"
"3375","17","4/2/2026 08:03:02","9/2/2026 19:57:47","9/2/2026 19:57:47"
"3376","222","4/2/2026 08:03:21","9/2/2026 19:57:47","9/2/2026 19:57:47"
"3377","233","4/2/2026 08:03:28","9/2/2026 19:57:47","9/2/2026 19:57:47"
"3378","238","4/2/2026 08:03:36","9/2/2026 19:57:47","9/2/2026 19:57:47"
"3379","214","4/2/2026 08:06:39","9/2/2026 19:57:47","9/2/2026 19:57:47"
"3380","199","4/2/2026 08:07:56","9/2/2026 19:57:47","9/2/2026 19:57:47"
"3381","46","4/2/2026 08:15:01","9/2/2026 19:57:47","9/2/2026 19:57:47"
"3382","47","4/2/2026 08:24:47","9/2/2026 19:57:47","9/2/2026 19:57:47"
"3383","19","4/2/2026 08:32:05","9/2/2026 19:57:47","9/2/2026 19:57:47"
"3384","206","4/2/2026 08:49:10","9/2/2026 19:57:47","9/2/2026 19:57:47"
"3385","351","4/2/2026 09:13:03","9/2/2026 19:57:47","9/2/2026 19:57:47"
"3386","243","4/2/2026 09:38:15","9/2/2026 19:57:47","9/2/2026 19:57:47"
"3387","311","4/2/2026 10:44:23","9/2/2026 19:57:47","9/2/2026 19:57:47"
